Time,Date,Fragment,Pic,AOI,File,Tank,Genotype,Notes,Nutrients,Disease,A_Tank
0,2020-08-12,A175,1,1,1.csv,1,FM19,,NH4,Pathogen,3
0,2020-08-12,A176,1,2,1.csv,1,FM19,,NH4,Pathogen,4
0,2020-08-12,A177,1,3,1.csv,1,FM19,,Ambient,Pathogen,6
0,2020-08-12,A178,1,4,1.csv,1,FM19,,Ambient,Placebo,6
0,2020-08-12,A179,1,5,1.csv,1,FM19,,NH4,Pathogen,4
0,2020-08-12,A180,1,6,1.csv,1,FM19,,Ambient,Pathogen,5
0,2020-08-12,A181,2,1,2.csv,1,FM19,,Ambient,Pathogen,5
0,2020-08-12,A182,2,2,2.csv,1,FM19,,Ambient,Pathogen,1
0,2020-08-12,A183,2,3,2.csv,1,FM19,,NH4,Pathogen,8
0,2020-08-12,A184,2,4,2.csv,1,FM19,,NH4,Pathogen,7
0,2020-08-12,A185,2,5,2.csv,1,FM19,,NH4,Placebo,8
0,2020-08-12,A186,2,6,2.csv,1,FM19,,Ambient,Placebo,1
0,2020-08-12,A187,3,1,3.csv,1,FM19,,Ambient,Pathogen,2
0,2020-08-12,A188,3,2,3.csv,1,FM19,,NH4,Placebo,8
0,2020-08-12,A189,3,3,3.csv,1,FM19,,Ambient,Placebo,5
0,2020-08-12,A190,3,4,3.csv,1,FM19,,NH4,Placebo,3
0,2020-08-12,A191,3,5,3.csv,1,FM19,,Ambient,Placebo,1
0,2020-08-12,A192,3,6,3.csv,1,FM19,,NH4,Placebo,7
0,2020-08-12,A193,4,1,4.csv,1,FM19,,Ambient,Placebo,2
0,2020-08-12,A194,4,2,4.csv,1,FM19,,Ambient,Pathogen,6
0,2020-08-12,A195,4,3,4.csv,1,FM19,,NH4,Pathogen,3
0,2020-08-12,A196,4,4,4.csv,1,FM19,,NH4,Placebo,7
0,2020-08-12,A197,4,5,4.csv,1,FM19,,Ambient,Placebo,2
0,2020-08-12,A198,4,6,4.csv,1,FM19,,NH4,Placebo,4
0,2020-08-12,A199,9,1,9.csv,3,FM9,,NH4,Pathogen,4
0,2020-08-12,A200,9,2,9.csv,3,FM9,,Ambient,Pathogen,5
0,2020-08-12,201,9,3,9.csv,3,FM9,,NH4,Pathogen,3
0,2020-08-12,202,9,4,9.csv,3,FM9,,NH4,Pathogen,3
0,2020-08-12,204,9,5,9.csv,3,FM9,,NH4,Placebo,4
0,2020-08-12,205,9,6,9.csv,3,FM9,,NH4,Pathogen,7
0,2020-08-12,207,10,1,10.csv,3,FM9,,Ambient,Placebo,2
0,2020-08-12,208,10,2,10.csv,3,FM9,,Ambient,Placebo,1
0,2020-08-12,209,10,3,10.csv,3,FM9,,Ambient,Placebo,2
0,2020-08-12,211,10,4,10.csv,3,FM9,,NH4,Placebo,8
0,2020-08-12,214,10,5,10.csv,3,FM9,,NH4,Placebo,8
0,2020-08-12,215,10,6,10.csv,3,FM9,,NH4,Placebo,3
0,2020-08-12,216,11,1,11.csv,3,FM9,,NH4,Pathogen,4
0,2020-08-12,217,11,2,11.csv,3,FM9,,Ambient,Pathogen,6
0,2020-08-12,218,11,3,11.csv,3,FM9,,Ambient,Placebo,1
0,2020-08-12,220,11,4,11.csv,3,FM9,,NH4,Placebo,7
0,2020-08-12,221,11,5,11.csv,3,FM9,,Ambient,Placebo,6
0,2020-08-12,222,11,6,11.csv,3,FM9,,NH4,Pathogen,8
0,2020-08-12,224,12,1,12.csv,3,FM9,,Ambient,Pathogen,6
0,2020-08-12,225,12,2,12.csv,3,FM9,,Ambient,Pathogen,2
0,2020-08-12,226,12,3,12.csv,3,FM9,,NH4,Placebo,7
0,2020-08-12,227,12,4,12.csv,3,FM9,,Ambient,Placebo,5
0,2020-08-12,228,12,5,12.csv,3,FM9,Broke,Ambient,Pathogen,5
0,2020-08-12,229,12,6,12.csv,3,FM9,,Ambient,Pathogen,1
0,2020-08-12,230,13,1,13.csv,4,FM6,,Ambient,Pathogen,1
0,2020-08-12,231,13,2,13.csv,4,FM6,,NH4,Placebo,7
0,2020-08-12,232,13,3,13.csv,4,FM6,,NH4,Pathogen,3
0,2020-08-12,234,13,4,13.csv,4,FM6,,Ambient,Pathogen,2
0,2020-08-12,235,13,5,13.csv,4,FM6,,NH4,Pathogen,4
0,2020-08-12,237,13,6,13.csv,4,FM6,,NH4,Pathogen,8
0,2020-08-12,238,14,1,14.csv,4,FM6,,NH4,Pathogen,8
0,2020-08-12,239,14,2,14.csv,4,FM6,,NH4,Placebo,8
0,2020-08-12,241,14,3,14.csv,4,FM6,,Ambient,Pathogen,6
0,2020-08-12,242,14,4,14.csv,4,FM6,,Ambient,Pathogen,2
0,2020-08-12,243,14,5,14.csv,4,FM6,,Ambient,Pathogen,1
0,2020-08-12,244,14,6,14.csv,4,FM6,,Ambient,Placebo,6
0,2020-08-12,245,15,1,15.csv,4,FM6,,Ambient,Placebo,1
0,2020-08-12,247,15,2,15.csv,4,FM6,,NH4,Pathogen,7
0,2020-08-12,250,15,3,15.csv,4,FM6,,Ambient,Placebo,5
0,2020-08-12,251,15,4,15.csv,4,FM6,,Ambient,Placebo,6
0,2020-08-12,252,15,5,15.csv,4,FM6,,Ambient,Placebo,5
0,2020-08-12,253,15,6,15.csv,4,FM6,,NH4,Pathogen,7
0,2020-08-12,254,16,1,16.csv,4,FM6,,NH4,Placebo,3
0,2020-08-12,256,16,2,16.csv,4,FM6,,Ambient,Pathogen,5
0,2020-08-12,257,16,3,16.csv,4,FM6,,Extra,Extra,Holding
0,2020-08-12,258,16,4,16.csv,4,FM6,,NH4,Placebo,3
0,2020-08-12,260,16,5,16.csv,4,FM6,,Ambient,Placebo,2
0,2020-08-12,261,16,6,16.csv,4,FM6,,NH4,Placebo,4
0,2020-08-12,266,16,7,16.csv,4,FM6,,NH4,Placebo,4
0,2020-08-12,262,5,1,5.csv,2,FM14,,NH4,Placebo,7
0,2020-08-12,263,5,2,5.csv,2,FM14,,Ambient,Placebo,2
0,2020-08-12,264,5,3,5.csv,2,FM14,,Ambient,Pathogen,5
0,2020-08-12,265,5,4,5.csv,2,FM14,,NH4,Pathogen,3
0,2020-08-12,268,5,5,5.csv,2,FM14,,Ambient,Placebo,5
0,2020-08-12,269,5,6,5.csv,2,FM14,,NH4,Placebo,3
0,2020-08-12,270,6,1,6.csv,2,FM14,,NH4,Pathogen,8
0,2020-08-12,272,6,2,6.csv,2,FM14,,NH4,Placebo,4
0,2020-08-12,273,6,3,6.csv,2,FM14,,Ambient,Pathogen,2
0,2020-08-12,274,6,4,6.csv,2,FM14,,Ambient,Pathogen,6
0,2020-08-12,275,6,5,6.csv,2,FM14,,Ambient,Pathogen,2
0,2020-08-12,276,6,6,6.csv,2,FM14,,Ambient,Placebo,5
0,2020-08-12,277,7,1,7.csv,2,FM14,,Ambient,Placebo,6
0,2020-08-12,279,7,2,7.csv,2,FM14,,Ambient,Placebo,1
0,2020-08-12,281,7,3,7.csv,2,FM14,,Ambient,Pathogen,1
0,2020-08-12,282,7,4,7.csv,2,FM14,,NH4,Placebo,8
0,2020-08-12,283,7,5,7.csv,2,FM14,,Ambient,Pathogen,1
0,2020-08-12,284,7,6,7.csv,2,FM14,,NH4,Placebo,4
0,2020-08-12,285,8,1,8.csv,2,FM14,,NH4,Pathogen,4
0,2020-08-12,288,8,2,8.csv,2,FM14,,Ambient,Placebo,6
0,2020-08-12,289,8,3,8.csv,2,FM14,,NH4,Pathogen,7
0,2020-08-12,291,8,4,8.csv,2,FM14,,NH4,Pathogen,7
0,2020-08-12,293,8,5,8.csv,2,FM14,,NH4,Placebo,3
0,2020-08-12,296,8,6,8.csv,2,FM14,,NH4,Pathogen,8
0,2020-08-12,A016,17,1,17.csv,6,Cooper-9,,Ambient,Pathogen,6
0,2020-08-12,A017,17,2,17.csv,6,Cooper-9,,Ambient,Placebo,5
0,2020-08-12,A018,17,3,17.csv,6,Cooper-9,,NH4,Placebo,3
0,2020-08-12,A019,17,4,17.csv,6,Cooper-9,,NH4,Placebo,7
0,2020-08-12,A020,17,5,17.csv,6,Cooper-9,,Ambient,Placebo,6
0,2020-08-12,A021,17,6,17.csv,6,Cooper-9,,NH4,Pathogen,3
0,2020-08-12,A022,18,1,18.csv,6,Cooper-9,,NH4,Pathogen,7
0,2020-08-12,A023,18,2,18.csv,6,Cooper-9,,Ambient,Pathogen,2
0,2020-08-12,A024,18,3,18.csv,6,Cooper-9,,NH4,Pathogen,7
0,2020-08-12,A025,18,4,18.csv,6,Cooper-9,,Ambient,Pathogen,2
0,2020-08-12,A026,18,5,18.csv,6,Cooper-9,,NH4,Placebo,8
0,2020-08-12,A027,18,6,18.csv,6,Cooper-9,,NH4,Pathogen,4
0,2020-08-12,A028,19,1,19.csv,6,Cooper-9,,Ambient,Placebo,5
0,2020-08-12,A029,19,2,19.csv,6,Cooper-9,,NH4,Pathogen,8
0,2020-08-12,A030,19,3,19.csv,6,Cooper-9,,Ambient,Pathogen,1
0,2020-08-12,A031,19,4,19.csv,6,Cooper-9,,Ambient,Pathogen,1
0,2020-08-12,A032,19,5,19.csv,6,Cooper-9,,Ambient,Pathogen,6
0,2020-08-12,A033,19,6,19.csv,6,Cooper-9,,Ambient,Placebo,1
0,2020-08-12,A034,20,1,20.csv,6,Cooper-9,,NH4,Placebo,4
0,2020-08-12,A035,20,2,20.csv,6,Cooper-9,,Ambient,Placebo,2
0,2020-08-12,A036,20,3,20.csv,6,Cooper-9,,NH4,Placebo,3
0,2020-08-12,A037,20,4,20.csv,6,Cooper-9,,NH4,Placebo,4
0,2020-08-12,A038,20,5,20.csv,6,Cooper-9,,NH4,Pathogen,8
0,2020-08-12,A063,21,1,21.csv,7,Elkhorn,,Ambient,Pathogen,6
0,2020-08-12,A064,21,2,21.csv,7,Elkhorn,,NH4,Pathogen,3
0,2020-08-12,A065,21,3,21.csv,7,Elkhorn,,Ambient,Placebo,2
0,2020-08-12,A066,21,4,21.csv,7,Elkhorn,,Ambient,Placebo,5
0,2020-08-12,A068,21,5,21.csv,7,Elkhorn,,NH4,Placebo,4
0,2020-08-12,A069,21,6,21.csv,7,Elkhorn,,Ambient,Placebo,1
0,2020-08-12,A070,21,7,21.csv,7,Elkhorn,,Extra,Extra,Holding
0,2020-08-12,A072,22,1,22.csv,7,Elkhorn,,NH4,Placebo,8
0,2020-08-12,A073,22,2,22.csv,7,Elkhorn,,Ambient,Pathogen,1
0,2020-08-12,A074,22,3,22.csv,7,Elkhorn,,NH4,Pathogen,3
0,2020-08-12,A075,22,4,22.csv,7,Elkhorn,,NH4,Placebo,7
0,2020-08-12,A076,22,5,22.csv,7,Elkhorn,,NH4,Pathogen,4
0,2020-08-12,A077,22,6,22.csv,7,Elkhorn,,NH4,Placebo,7
0,2020-08-12,A078,23,1,23.csv,7,Elkhorn,,NH4,Pathogen,8
0,2020-08-12,A079,23,2,23.csv,7,Elkhorn,,Ambient,Placebo,2
0,2020-08-12,A080,23,3,23.csv,7,Elkhorn,,Ambient,Pathogen,2
0,2020-08-12,A081,23,4,23.csv,7,Elkhorn,,NH4,Placebo,3
0,2020-08-12,A082,23,5,23.csv,7,Elkhorn,,Ambient,Pathogen,6
0,2020-08-12,A083,23,6,23.csv,7,Elkhorn,,NH4,Placebo,8
0,2020-08-12,A084,23,7,23.csv,7,Elkhorn,,NH4,Pathogen,7
0,2020-08-12,A086,24,1,24.csv,7,Elkhorn,,Ambient,Pathogen,5
0,2020-08-12,A087,24,2,24.csv,7,Elkhorn,,Ambient,Pathogen,5
0,2020-08-12,A088,24,3,24.csv,7,Elkhorn,,Ambient,Placebo,1
0,2020-08-12,A089,24,4,24.csv,7,Elkhorn,,NH4,Pathogen,4
0,2020-08-12,A090,24,5,24.csv,7,Elkhorn,,Ambient,Placebo,6
0,2020-08-12,A092,24,6,24.csv,7,Elkhorn,,Extra,Extra,Holding
0,2020-08-12,A039,25,1,25.csv,8,Acerv2,,NH4,Pathogen,3
0,2020-08-12,A040,25,2,25.csv,8,Acerv2,,NH4,Pathogen,4
0,2020-08-12,A041,25,3,25.csv,8,Acerv2,,NH4,Pathogen,8
0,2020-08-12,A042,25,4,25.csv,8,Acerv2,,Ambient,Placebo,2
0,2020-08-12,A043,25,5,25.csv,8,Acerv2,,Ambient,Placebo,2
0,2020-08-12,A044,25,6,25.csv,8,Acerv2,,Ambient,Pathogen,6
0,2020-08-12,A045,26,1,26.csv,8,Acerv2,,NH4,Placebo,4
0,2020-08-12,A046,26,2,26.csv,8,Acerv2,,NH4,Pathogen,4
0,2020-08-12,A047,26,3,26.csv,8,Acerv2,,Ambient,Placebo,1
0,2020-08-12,A048,26,4,26.csv,8,Acerv2,,NH4,Placebo,7
0,2020-08-12,A049,26,5,26.csv,8,Acerv2,,Ambient,Pathogen,5
0,2020-08-12,A050,26,6,26.csv,8,Acerv2,,Ambient,Placebo,6
0,2020-08-12,A051,27,1,27.csv,8,Acerv2,,NH4,Placebo,7
0,2020-08-12,A052,27,2,27.csv,8,Acerv2,,NH4,Placebo,8
0,2020-08-12,A053,27,3,27.csv,8,Acerv2,,Ambient,Pathogen,1
0,2020-08-12,A054,27,4,27.csv,8,Acerv2,,Ambient,Pathogen,2
0,2020-08-12,A055,27,5,27.csv,8,Acerv2,,Ambient,Placebo,1
0,2020-08-12,A056,27,6,27.csv,8,Acerv2,,NH4,Placebo,3
0,2020-08-12,A057,28,1,28.csv,8,Acerv2,,Ambient,Pathogen,5
0,2020-08-12,A058,28,2,28.csv,8,Acerv2,,NH4,Pathogen,3
0,2020-08-12,A059,28,3,28.csv,8,Acerv2,,Ambient,Pathogen,6
0,2020-08-12,A060,28,4,28.csv,8,Acerv2,,NH4,Placebo,8
0,2020-08-12,A061,28,5,28.csv,8,Acerv2,,NH4,Pathogen,7
0,2020-08-12,A062,28,6,28.csv,8,Acerv2,,Ambient,Placebo,5
0,2020-08-12,A107,29,1,29.csv,9,U41,,NH4,Pathogen,4
0,2020-08-12,A110,29,2,29.csv,9,U41,,Ambient,Pathogen,1
0,2020-08-12,A112,29,3,29.csv,9,U41,,Ambient,Pathogen,6
0,2020-08-12,A114,29,4,29.csv,9,U41,,NH4,Pathogen,8
0,2020-08-12,A115,29,5,29.csv,9,U41,,Ambient,Pathogen,5
0,2020-08-12,A116,29,6,29.csv,9,U41,,NH4,Pathogen,7
0,2020-08-12,A118,30,1,30.csv,9,U41,,NH4,Pathogen,4
0,2020-08-12,A119,30,2,30.csv,9,U41,,NH4,Pathogen,3
0,2020-08-12,A123,30,3,30.csv,9,U41,,Ambient,Pathogen,6
0,2020-08-12,A124,30,4,30.csv,9,U41,,Ambient,Pathogen,2
0,2020-08-12,A125,30,5,30.csv,9,U41,,NH4,Pathogen,3
0,2020-08-12,A151,31,1,31.csv,10,K2,,NH4,Placebo,3
0,2020-08-12,A152,31,2,31.csv,10,K2,,NH4,Pathogen,7
0,2020-08-12,A154,31,3,31.csv,10,K2,,Ambient,Placebo,5
0,2020-08-12,A155,31,4,31.csv,10,K2,,NH4,Placebo,4
0,2020-08-12,A156,31,5,31.csv,10,K2,,Ambient,Pathogen,2
0,2020-08-12,A157,31,6,31.csv,10,K2,,NH4,Pathogen,8
0,2020-08-12,A158,32,1,32.csv,10,K2,,NH4,Pathogen,7
0,2020-08-12,A159,32,2,32.csv,10,K2,,NH4,Placebo,7
0,2020-08-12,A160,32,3,32.csv,10,K2,,Ambient,Placebo,5
0,2020-08-12,A161,32,4,32.csv,10,K2,,NH4,Pathogen,8
0,2020-08-12,A162,32,5,32.csv,10,K2,,NH4,Placebo,3
0,2020-08-12,A163,32,6,32.csv,10,K2,,NH4,Pathogen,4
0,2020-08-12,A164,33,1,33.csv,10,K2,,Ambient,Pathogen,1
0,2020-08-12,A165,33,2,33.csv,10,K2,,NH4,Placebo,8
0,2020-08-12,A166,33,3,33.csv,10,K2,,Ambient,Pathogen,5
0,2020-08-12,A167,33,4,33.csv,10,K2,,NH4,Pathogen,3
0,2020-08-12,A168,33,5,33.csv,10,K2,,Ambient,Pathogen,2
0,2020-08-12,A169,33,6,33.csv,10,K2,,Ambient,Placebo,1
0,2020-08-12,A170,34,1,34.csv,10,K2,,Ambient,Pathogen,1
0,2020-08-12,A171,34,2,34.csv,10,K2,,Ambient,Placebo,2
0,2020-08-12,A172,34,3,34.csv,10,K2,,NH4,Placebo,4
0,2020-08-12,A173,34,4,34.csv,10,K2,,Ambient,Placebo,6
0,2020-08-12,A174,34,5,34.csv,10,K2,,Ambient,Pathogen,6
0,2020-08-12,A006,35,1,35.csv,11,U44,,Ambient,Placebo,2
0,2020-08-12,A011,35,2,35.csv,11,U44,,NH4,Pathogen,3
0,2020-08-12,A067,35,3,35.csv,11,U44,,NH4,Pathogen,7
0,2020-08-12,A071,35,4,35.csv,11,U44,,NH4,Placebo,4
0,2020-08-12,A085,35,5,35.csv,11,U44,,Ambient,Pathogen,2
0,2020-08-12,A091,35,6,35.csv,11,U44,,Ambient,Placebo,5
0,2020-08-12,A102,36,1,36.csv,11,U44,,NH4,Pathogen,4
0,2020-08-12,A104,36,2,36.csv,11,U44,,Ambient,Pathogen,1
0,2020-08-12,A105,36,3,36.csv,11,U44,,NH4,Placebo,7
0,2020-08-12,A106,36,4,36.csv,11,U44,,NH4,Placebo,3
0,2020-08-12,A109,36,5,36.csv,11,U44,,Ambient,Placebo,5
0,2020-08-12,A111,36,6,36.csv,11,U44,,NH4,Pathogen,8
0,2020-08-12,A113,37,1,37.csv,11,U44,,Ambient,Pathogen,1
0,2020-08-12,A120,37,2,37.csv,11,U44,,Ambient,Placebo,1
0,2020-08-12,A121,37,3,37.csv,11,U44,,Ambient,Pathogen,5
0,2020-08-12,A122,37,4,37.csv,11,U44,,Ambient,Placebo,6
0,2020-08-12,A127,37,5,37.csv,11,U44,,NH4,Placebo,7
0,2020-08-12,A128,37,6,37.csv,11,U44,,Ambient,Placebo,6
0,2020-08-12,A129,38,1,38.csv,11,U44,,NH4,Pathogen,4
0,2020-08-12,A130,38,2,38.csv,11,U44,,NH4,Pathogen,3
0,2020-08-12,A131,38,3,38.csv,11,U44,,NH4,Placebo,8
0,2020-08-12,A132,38,4,38.csv,11,U44,,Ambient,Pathogen,6
0,2020-08-12,A133,39,1,39.csv,11,U44,,Ambient,Pathogen,2
0,2020-08-12,A134,39,2,39.csv,11,U44,,NH4,Placebo,8
0,2020-08-12,A141,39,3,39.csv,11,U44,,Extra,Extra,Holding
0,2020-08-12,A148,39,4,39.csv,11,U44,,Extra,Extra,Holding
0,2020-08-12,A001,40,1,40.csv,5,Kelsey-1,,NH4,Pathogen,7
0,2020-08-12,A002,40,2,40.csv,5,Kelsey-1,,NH4,Pathogen,4
0,2020-08-12,A003,40,3,40.csv,5,Kelsey-1,,Ambient,Pathogen,6
0,2020-08-12,A004,40,4,40.csv,5,Kelsey-1,,Ambient,Pathogen,5
0,2020-08-12,A005,40,5,40.csv,5,Kelsey-1,,Ambient,Pathogen,1
0,2020-08-12,A007,40,6,40.csv,5,Kelsey-1,,NH4,Placebo,7
0,2020-08-12,A008,41,1,41.csv,5,Kelsey-1,,NH4,Placebo,4
0,2020-08-12,A009,41,2,41.csv,5,Kelsey-1,,NH4,Placebo,7
0,2020-08-12,A010,41,3,41.csv,5,Kelsey-1,,NH4,Placebo,8
0,2020-08-12,A012,41,4,41.csv,5,Kelsey-1,,Ambient,Placebo,1
0,2020-08-12,A013,41,5,41.csv,5,Kelsey-1,,Ambient,Placebo,2
0,2020-08-12,A014,41,6,41.csv,5,Kelsey-1,,NH4,Placebo,3
0,2020-08-12,A015,42,1,42.csv,5,Kelsey-1,,Ambient,Placebo,5
0,2020-08-12,A093,42,2,42.csv,5,Kelsey-1,,Ambient,Pathogen,2
0,2020-08-12,A094,42,3,42.csv,5,Kelsey-1,,NH4,Pathogen,3
0,2020-08-12,A095,42,4,42.csv,5,Kelsey-1,,Ambient,Pathogen,5
0,2020-08-12,A096,42,5,42.csv,5,Kelsey-1,,Ambient,Placebo,6
0,2020-08-12,A097,42,6,42.csv,5,Kelsey-1,,NH4,Pathogen,8
0,2020-08-12,A098,43,1,43.csv,5,Kelsey-1,,Ambient,Pathogen,6
0,2020-08-12,A099,43,2,43.csv,5,Kelsey-1,,Ambient,Placebo,2
0,2020-08-12,A100,43,3,43.csv,5,Kelsey-1,,NH4,Pathogen,3
0,2020-08-12,A101,43,4,43.csv,5,Kelsey-1,,NH4,Placebo,8
0,2020-08-12,A103,43,5,43.csv,5,Kelsey-1,,Ambient,Placebo,1
2,2020-09-02,205,4,5,4.csv,1,FM9,,NH4,Pathogen,7
2,2020-09-02,220,4,6,4.csv,1,FM9,,NH4,Placebo,7
2,2020-09-02,226,5,1,5.csv,1,FM9,,NH4,Placebo,7
2,2020-09-02,231,5,2,5.csv,1,FM6,,NH4,Placebo,7
2,2020-09-02,247,5,3,5.csv,1,FM6,,NH4,Pathogen,7
2,2020-09-02,253,5,4,5.csv,1,FM6,,NH4,Pathogen,7
2,2020-09-02,262,5,5,5.csv,1,FM14,,NH4,Placebo,7
2,2020-09-02,289,5,6,5.csv,1,FM14,,NH4,Pathogen,7
2,2020-09-02,291,5,7,5.csv,1,FM14,,NH4,Pathogen,7
2,2020-09-02,A001,1,1,1.csv,1,Kelsey-1,,NH4,Pathogen,7
2,2020-09-02,A007,1,2,1.csv,1,Kelsey-1,,NH4,Placebo,7
2,2020-09-02,A009,1,3,1.csv,1,Kelsey-1,,NH4,Placebo,7
2,2020-09-02,A019,1,4,1.csv,1,Cooper-9,,NH4,Placebo,7
2,2020-09-02,A022,1,5,1.csv,1,Cooper-9,,NH4,Pathogen,7
2,2020-09-02,A024,1,6,1.csv,1,Cooper-9,,NH4,Pathogen,7
2,2020-09-02,A048,2,1,2.csv,1,Acerv2,,NH4,Placebo,7
2,2020-09-02,A051,2,2,2.csv,1,Acerv2,,NH4,Placebo,7
2,2020-09-02,A061,2,3,2.csv,1,Acerv2,,NH4,Pathogen,7
2,2020-09-02,A067,2,4,2.csv,1,U44,,NH4,Pathogen,7
2,2020-09-02,A075,2,5,2.csv,1,Elkhorn,,NH4,Placebo,7
2,2020-09-02,A077,2,6,2.csv,1,Elkhorn,,NH4,Placebo,7
2,2020-09-02,A084,3,1,3.csv,1,Elkhorn,,NH4,Pathogen,7
2,2020-09-02,A105,3,2,3.csv,1,U44,,NH4,Placebo,7
2,2020-09-02,A116,3,3,3.csv,1,U41,,NH4,Pathogen,7
2,2020-09-02,A127,3,4,3.csv,1,U44,,NH4,Placebo,7
2,2020-09-02,A152,3,5,3.csv,1,K2,,NH4,Pathogen,7
2,2020-09-02,A158,3,6,3.csv,1,K2,,NH4,Pathogen,7
2,2020-09-02,A159,4,1,4.csv,1,K2,,NH4,Placebo,7
2,2020-09-02,A184,4,2,4.csv,1,FM19,,NH4,Pathogen,7
2,2020-09-02,A192,4,3,4.csv,1,FM19,,NH4,Placebo,7
2,2020-09-02,A196,4,4,4.csv,1,FM19,,NH4,Placebo,7
2,2020-09-02,211,9,5,9.csv,2,FM9,,NH4,Placebo,8
2,2020-09-02,214,9,6,9.csv,2,FM9,,NH4,Placebo,8
2,2020-09-02,222,10,1,10.csv,2,FM9,,NH4,Pathogen,8
2,2020-09-02,237,10,2,10.csv,2,FM6,,NH4,Pathogen,8
2,2020-09-02,238,10,3,10.csv,2,FM6,,NH4,Pathogen,8
2,2020-09-02,239,10,4,10.csv,2,FM6,,NH4,Placebo,8
2,2020-09-02,270,10,5,10.csv,2,FM14,,NH4,Pathogen,8
2,2020-09-02,282,10,6,10.csv,2,FM14,,NH4,Placebo,8
2,2020-09-02,296,10,7,10.csv,2,FM14,,NH4,Pathogen,8
2,2020-09-02,A010,6,1,6.csv,2,Kelsey-1,,NH4,Placebo,8
2,2020-09-02,A026,6,2,6.csv,2,Cooper-9,,NH4,Placebo,8
2,2020-09-02,A029,6,3,6.csv,2,Cooper-9,,NH4,Pathogen,8
2,2020-09-02,A038,6,4,6.csv,2,Cooper-9,,NH4,Pathogen,8
2,2020-09-02,A041,6,5,6.csv,2,Acerv2,,NH4,Pathogen,8
2,2020-09-02,A052,6,6,6.csv,2,Acerv2,,NH4,Placebo,8
2,2020-09-02,A060,7,1,7.csv,2,Acerv2,,NH4,Placebo,8
2,2020-09-02,A072,7,2,7.csv,2,Elkhorn,,NH4,Placebo,8
2,2020-09-02,A078,7,3,7.csv,2,Elkhorn,,NH4,Pathogen,8
2,2020-09-02,A083,7,4,7.csv,2,Elkhorn,,NH4,Placebo,8
2,2020-09-02,A097,7,5,7.csv,2,Kelsey-1,,NH4,Pathogen,8
2,2020-09-02,A101,7,6,7.csv,2,Kelsey-1,,NH4,Placebo,8
2,2020-09-02,A111,8,1,8.csv,2,U44,,NH4,Pathogen,8
2,2020-09-02,A114,8,2,8.csv,2,U41,,NH4,Pathogen,8
2,2020-09-02,A131,8,3,8.csv,2,U44,,NH4,Placebo,8
2,2020-09-02,A134,8,4,8.csv,2,U44,,NH4,Placebo,8
2,2020-09-02,A157,8,5,8.csv,2,K2,,NH4,Pathogen,8
2,2020-09-02,A161,8,6,8.csv,2,K2,,NH4,Pathogen,8
2,2020-09-02,A165,9,1,9.csv,2,K2,,NH4,Placebo,8
2,2020-09-02,A183,9,2,9.csv,2,FM19,,NH4,Pathogen,8
2,2020-09-02,A185,9,3,9.csv,2,FM19,,NH4,Placebo,8
2,2020-09-02,A188,9,4,9.csv,2,FM19,,NH4,Placebo,8
2,2020-09-02,201,26,6,26.csv,7,FM9,,NH4,Pathogen,3
2,2020-09-02,202,27,1,27.csv,7,FM9,,NH4,Pathogen,3
2,2020-09-02,215,27,2,27.csv,7,FM9,,NH4,Placebo,3
2,2020-09-02,232,27,3,27.csv,7,FM6,,NH4,Pathogen,3
2,2020-09-02,254,27,4,27.csv,7,FM6,,NH4,Placebo,3
2,2020-09-02,258,28,1,28.csv,7,FM6,,NH4,Placebo,3
2,2020-09-02,265,28,2,28.csv,7,FM14,,NH4,Pathogen,3
2,2020-09-02,269,28,3,28.csv,7,FM14,,NH4,Placebo,3
2,2020-09-02,293,28,4,28.csv,7,FM14,,NH4,Placebo,3
2,2020-09-02,A011,23,1,23.csv,7,U44,Did not work,NH4,Pathogen,3
2,2020-09-02,A014,23,2,23.csv,7,Kelsey-1,Did not work,NH4,Placebo,3
2,2020-09-02,A018,23,3,23.csv,7,Cooper-9,Did not work,NH4,Placebo,3
2,2020-09-02,A021,23,4,23.csv,7,Cooper-9,Did not work,NH4,Pathogen,3
2,2020-09-02,A036,23,5,23.csv,7,Cooper-9,Did not work,NH4,Placebo,3
2,2020-09-02,A039,23,6,23.csv,7,Acerv2,Did not work,NH4,Pathogen,3
2,2020-09-02,A056,24,1,24.csv,7,Acerv2,,NH4,Placebo,3
2,2020-09-02,A058,24,2,24.csv,7,Acerv2,,NH4,Pathogen,3
2,2020-09-02,A064,24,3,24.csv,7,Elkhorn,,NH4,Pathogen,3
2,2020-09-02,A074,0,0,0.csv,7,Elkhorn,dead,NH4,Pathogen,3
2,2020-09-02,A081,0,0,0.csv,7,Elkhorn,TL,NH4,Placebo,3
2,2020-09-02,A094,24,4,24.csv,7,Kelsey-1,,NH4,Pathogen,3
2,2020-09-02,A100,24,5,24.csv,7,Kelsey-1,,NH4,Pathogen,3
2,2020-09-02,A106,25,1,25.csv,7,U44,,NH4,Placebo,3
2,2020-09-02,A119,25,2,25.csv,7,U41,,NH4,Pathogen,3
2,2020-09-02,A125,25,3,25.csv,7,U41,,NH4,Pathogen,3
2,2020-09-02,A130,25,4,25.csv,7,U44,,NH4,Pathogen,3
2,2020-09-02,A151,25,5,25.csv,7,K2,,NH4,Placebo,3
2,2020-09-02,A162,26,1,26.csv,7,K2,,NH4,Placebo,3
2,2020-09-02,A167,26,2,26.csv,7,K2,,NH4,Pathogen,3
2,2020-09-02,A175,26,3,26.csv,7,FM19,,NH4,Pathogen,3
2,2020-09-02,A190,26,4,26.csv,7,FM19,,NH4,Placebo,3
2,2020-09-02,A195,26,5,26.csv,7,FM19,,NH4,Pathogen,3
2,2020-09-02,204,14,6,14.csv,4,FM9,,NH4,Placebo,4
2,2020-09-02,216,15,1,15.csv,4,FM9,,NH4,Pathogen,4
2,2020-09-02,235,15,2,15.csv,4,FM6,,NH4,Pathogen,4
2,2020-09-02,261,15,3,15.csv,4,FM6,,NH4,Placebo,4
2,2020-09-02,266,16,1,16.csv,4,FM6,,NH4,Placebo,4
2,2020-09-02,272,16,2,16.csv,4,FM14,,NH4,Placebo,4
2,2020-09-02,284,16,3,16.csv,4,FM14,,NH4,Placebo,4
2,2020-09-02,285,16,4,16.csv,4,FM14,,NH4,Pathogen,4
2,2020-09-02,A002,11,1,11.csv,4,Kelsey-1,Did not work,NH4,Pathogen,4
2,2020-09-02,A008,11,2,11.csv,4,Kelsey-1,Did not work,NH4,Placebo,4
2,2020-09-02,A027,11,3,11.csv,4,Cooper-9,Did not work,NH4,Pathogen,4
2,2020-09-02,A034,11,4,11.csv,4,Cooper-9,Did not work,NH4,Placebo,4
2,2020-09-02,A037,11,5,11.csv,4,Cooper-9,Did not work,NH4,Placebo,4
2,2020-09-02,A040,11,6,11.csv,4,Acerv2,Did not work,NH4,Pathogen,4
2,2020-09-02,A045,12,1,12.csv,4,Acerv2,,NH4,Placebo,4
2,2020-09-02,A046,12,2,12.csv,4,Acerv2,,NH4,Pathogen,4
2,2020-09-02,A068,12,3,12.csv,4,Elkhorn,,NH4,Placebo,4
2,2020-09-02,A071,12,4,12.csv,4,U44,,NH4,Placebo,4
2,2020-09-02,A076,12,5,12.csv,4,Elkhorn,,NH4,Pathogen,4
2,2020-09-02,A089,12,6,12.csv,4,Elkhorn,,NH4,Pathogen,4
2,2020-09-02,A102,13,1,13.csv,4,U44,,NH4,Pathogen,4
2,2020-09-02,A107,13,2,13.csv,4,U41,,NH4,Pathogen,4
2,2020-09-02,A118,13,3,13.csv,4,U41,,NH4,Pathogen,4
2,2020-09-02,A129,13,4,13.csv,4,U44,,NH4,Pathogen,4
2,2020-09-02,A155,13,5,13.csv,4,K2,,NH4,Placebo,4
2,2020-09-02,A163,13,6,13.csv,4,K2,,NH4,Pathogen,4
2,2020-09-02,A172,14,1,14.csv,4,K2,,NH4,Placebo,4
2,2020-09-02,A176,14,2,14.csv,4,FM19,,NH4,Pathogen,4
2,2020-09-02,A179,14,3,14.csv,4,FM19,,NH4,Pathogen,4
2,2020-09-02,A198,14,4,14.csv,4,FM19,,NH4,Placebo,4
2,2020-09-02,A199,14,5,14.csv,4,FM9,,NH4,Pathogen,4
2,2020-09-02,227,38,5,38.csv,5,FM9,,Ambient,Placebo,5
2,2020-09-02,228,38,6,38.csv,5,FM9,,Ambient,Pathogen,5
2,2020-09-02,250,39,1,39.csv,5,FM6,,Ambient,Placebo,5
2,2020-09-02,252,39,2,39.csv,5,FM6,,Ambient,Placebo,5
2,2020-09-02,256,39,3,39.csv,5,FM6,,Ambient,Pathogen,5
2,2020-09-02,264,39,4,39.csv,5,FM14,,Ambient,Pathogen,5
2,2020-09-02,268,39,5,39.csv,5,FM14,,Ambient,Placebo,5
2,2020-09-02,276,39,6,39.csv,5,FM14,,Ambient,Placebo,5
2,2020-09-02,A004,35,1,35.csv,5,Kelsey-1,,Ambient,Pathogen,5
2,2020-09-02,A015,35,2,35.csv,5,Kelsey-1,,Ambient,Placebo,5
2,2020-09-02,A017,35,3,35.csv,5,Cooper-9,,Ambient,Placebo,5
2,2020-09-02,A028,35,4,35.csv,5,Cooper-9,,Ambient,Placebo,5
2,2020-09-02,A049,35,5,35.csv,5,Acerv2,,Ambient,Pathogen,5
2,2020-09-02,A057,35,6,35.csv,5,Acerv2,,Ambient,Pathogen,5
2,2020-09-02,A062,36,1,36.csv,5,Acerv2,,Ambient,Placebo,5
2,2020-09-02,A066,36,2,36.csv,5,Elkhorn,,Ambient,Placebo,5
2,2020-09-02,A086,36,3,36.csv,5,Elkhorn,,Ambient,Pathogen,5
2,2020-09-02,A087,36,4,36.csv,5,Elkhorn,,Ambient,Pathogen,5
2,2020-09-02,A091,36,5,36.csv,5,U44,,Ambient,Placebo,5
2,2020-09-02,A095,36,6,36.csv,5,Kelsey-1,,Ambient,Pathogen,5
2,2020-09-02,A109,37,1,37.csv,5,U44,,Ambient,Placebo,5
2,2020-09-02,A115,37,2,37.csv,5,U41,,Ambient,Pathogen,5
2,2020-09-02,A121,37,3,37.csv,5,U44,,Ambient,Pathogen,5
2,2020-09-02,A154,37,4,37.csv,5,K2,,Ambient,Placebo,5
2,2020-09-02,A160,37,5,37.csv,5,K2,,Ambient,Placebo,5
2,2020-09-02,A166,37,6,37.csv,5,K2,,Ambient,Pathogen,5
2,2020-09-02,A180,38,1,38.csv,5,FM19,,Ambient,Pathogen,5
2,2020-09-02,A181,38,2,38.csv,5,FM19,,Ambient,Pathogen,5
2,2020-09-02,A189,38,3,38.csv,5,FM19,,Ambient,Placebo,5
2,2020-09-02,A200,38,4,38.csv,5,FM9,,Ambient,Pathogen,5
2,2020-09-02,217,33,1,33.csv,6,FM9,,Ambient,Pathogen,6
2,2020-09-02,221,33,2,33.csv,6,FM9,,Ambient,Placebo,6
2,2020-09-02,224,33,3,33.csv,6,FM9,,Ambient,Pathogen,6
2,2020-09-02,241,33,4,33.csv,6,FM6,,Ambient,Pathogen,6
2,2020-09-02,244,33,5,33.csv,6,FM6,,Ambient,Placebo,6
2,2020-09-02,251,34,1,34.csv,6,FM6,,Ambient,Placebo,6
2,2020-09-02,274,34,2,34.csv,6,FM14,,Ambient,Pathogen,6
2,2020-09-02,277,34,3,34.csv,6,FM14,,Ambient,Placebo,6
2,2020-09-02,288,34,4,34.csv,6,FM14,,Ambient,Placebo,6
2,2020-09-02,A003,29,1,29.csv,6,Kelsey-1,,Ambient,Pathogen,6
2,2020-09-02,A016,29,2,29.csv,6,Cooper-9,,Ambient,Pathogen,6
2,2020-09-02,A020,29,3,29.csv,6,Cooper-9,,Ambient,Placebo,6
2,2020-09-02,A032,29,4,29.csv,6,Cooper-9,,Ambient,Pathogen,6
2,2020-09-02,A044,29,5,29.csv,6,Acerv2,reglued,Ambient,Pathogen,6
2,2020-09-02,A050,29,6,29.csv,6,Acerv2,,Ambient,Placebo,6
2,2020-09-02,A059,30,1,30.csv,6,Acerv2,,Ambient,Pathogen,6
2,2020-09-02,A063,30,2,30.csv,6,Elkhorn,,Ambient,Pathogen,6
2,2020-09-02,A082,30,3,30.csv,6,Elkhorn,,Ambient,Pathogen,6
2,2020-09-02,A090,30,4,30.csv,6,Elkhorn,,Ambient,Placebo,6
2,2020-09-02,A096,30,5,30.csv,6,Kelsey-1,,Ambient,Placebo,6
2,2020-09-02,A098,31,1,31.csv,6,Kelsey-1,,Ambient,Pathogen,6
2,2020-09-02,A112,31,2,31.csv,6,U41,,Ambient,Pathogen,6
2,2020-09-02,A122,31,3,31.csv,6,U44,,Ambient,Placebo,6
2,2020-09-02,A123,31,4,31.csv,6,U41,,Ambient,Pathogen,6
2,2020-09-02,A128,31,5,31.csv,6,U44,,Ambient,Placebo,6
2,2020-09-02,A132,31,6,31.csv,6,U44,,Ambient,Pathogen,6
2,2020-09-02,A173,32,1,32.csv,6,K2,,Ambient,Placebo,6
2,2020-09-02,A174,32,2,32.csv,6,K2,,Ambient,Pathogen,6
2,2020-09-02,A177,32,3,32.csv,6,FM19,,Ambient,Pathogen,6
2,2020-09-02,A178,32,4,32.csv,6,FM19,,Ambient,Placebo,6
2,2020-09-02,A194,32,5,32.csv,6,FM19,,Ambient,Pathogen,6
2,2020-09-02,208,20,5,20.csv,3,FM9,,Ambient,Placebo,1
2,2020-09-02,218,20,6,20.csv,3,FM9,,Ambient,Placebo,1
2,2020-09-02,229,21,1,21.csv,3,FM9,,Ambient,Pathogen,1
2,2020-09-02,230,21,2,21.csv,3,FM6,,Ambient,Pathogen,1
2,2020-09-02,243,21,3,21.csv,3,FM6,,Ambient,Pathogen,1
2,2020-09-02,245,21,4,21.csv,3,FM6,,Ambient,Placebo,1
2,2020-09-02,279,21,5,21.csv,3,FM14,,Ambient,Placebo,1
2,2020-09-02,281,22,1,22.csv,3,FM14,,Ambient,Pathogen,1
2,2020-09-02,283,22,2,22.csv,3,FM14,,Ambient,Pathogen,1
2,2020-09-02,A005,17,1,17.csv,3,Kelsey-1,,Ambient,Pathogen,1
2,2020-09-02,A012,17,2,17.csv,3,Kelsey-1,,Ambient,Placebo,1
2,2020-09-02,A030,17,3,17.csv,3,Cooper-9,,Ambient,Pathogen,1
2,2020-09-02,A031,17,4,17.csv,3,Cooper-9,,Ambient,Pathogen,1
2,2020-09-02,A033,17,5,17.csv,3,Cooper-9,,Ambient,Placebo,1
2,2020-09-02,A047,17,6,17.csv,3,Acerv2,,Ambient,Placebo,1
2,2020-09-02,A053,18,1,18.csv,3,Acerv2,,Ambient,Pathogen,1
2,2020-09-02,A055,18,2,18.csv,3,Acerv2,,Ambient,Placebo,1
2,2020-09-02,A069,18,3,18.csv,3,Elkhorn,,Ambient,Placebo,1
2,2020-09-02,A073,18,4,18.csv,3,Elkhorn,,Ambient,Pathogen,1
2,2020-09-02,A088,18,5,18.csv,3,Elkhorn,,Ambient,Placebo,1
2,2020-09-02,A103,18,6,18.csv,3,Kelsey-1,,Ambient,Placebo,1
2,2020-09-02,A104,19,1,19.csv,3,U44,,Ambient,Pathogen,1
2,2020-09-02,A110,19,2,19.csv,3,U41,,Ambient,Pathogen,1
2,2020-09-02,A113,19,3,19.csv,3,U44,,Ambient,Pathogen,1
2,2020-09-02,A120,19,4,19.csv,3,U44,,Ambient,Placebo,1
2,2020-09-02,A164,19,5,19.csv,3,K2,,Ambient,Pathogen,1
2,2020-09-02,A169,19,6,19.csv,3,K2,,Ambient,Placebo,1
2,2020-09-02,A170,20,1,20.csv,3,K2,,Ambient,Pathogen,1
2,2020-09-02,A182,20,2,20.csv,3,FM19,,Ambient,Pathogen,1
2,2020-09-02,A186,20,3,20.csv,3,FM19,,Ambient,Placebo,1
2,2020-09-02,A191,20,4,20.csv,3,FM19,,Ambient,Placebo,1
2,2020-09-02,207,43,5,43.csv,8,FM9,,Ambient,Placebo,2
2,2020-09-02,209,43,6,43.csv,8,FM9,,Ambient,Placebo,2
2,2020-09-02,225,44,1,44.csv,8,FM9,,Ambient,Pathogen,2
2,2020-09-02,234,44,2,44.csv,8,FM6,,Ambient,Pathogen,2
2,2020-09-02,242,44,3,44.csv,8,FM6,,Ambient,Pathogen,2
2,2020-09-02,260,44,4,44.csv,8,FM6,,Ambient,Placebo,2
2,2020-09-02,263,45,1,45.csv,8,FM14,,Ambient,Placebo,2
2,2020-09-02,273,45,2,45.csv,8,FM14,,Ambient,Pathogen,2
2,2020-09-02,275,45,3,45.csv,8,FM14,,Ambient,Pathogen,2
2,2020-09-02,A006,40,1,40.csv,8,U44,,Ambient,Placebo,2
2,2020-09-02,A013,40,2,40.csv,8,Kelsey-1,,Ambient,Placebo,2
2,2020-09-02,A023,40,3,40.csv,8,Cooper-9,,Ambient,Pathogen,2
2,2020-09-02,A025,40,4,40.csv,8,Cooper-9,,Ambient,Pathogen,2
2,2020-09-02,A035,40,5,40.csv,8,Cooper-9,,Ambient,Placebo,2
2,2020-09-02,A042,40,6,40.csv,8,Acerv2,,Ambient,Placebo,2
2,2020-09-02,A043,41,1,41.csv,8,Acerv2,,Ambient,Placebo,2
2,2020-09-02,A054,0,0,0.csv,8,Acerv2,TL,Ambient,Pathogen,2
2,2020-09-02,A065,41,2,41.csv,8,Elkhorn,,Ambient,Placebo,2
2,2020-09-02,A079,41,3,41.csv,8,Elkhorn,,Ambient,Placebo,2
2,2020-09-02,A080,41,4,41.csv,8,Elkhorn,,Ambient,Pathogen,2
2,2020-09-02,A085,41,5,41.csv,8,U44,,Ambient,Pathogen,2
2,2020-09-02,A093,42,1,42.csv,8,Kelsey-1,,Ambient,Pathogen,2
2,2020-09-02,A099,42,2,42.csv,8,Kelsey-1,,Ambient,Placebo,2
2,2020-09-02,A124,42,3,42.csv,8,U41,,Ambient,Pathogen,2
2,2020-09-02,A133,42,4,42.csv,8,U44,,Ambient,Pathogen,2
2,2020-09-02,A156,42,5,42.csv,8,K2,,Ambient,Pathogen,2
2,2020-09-02,A168,42,6,42.csv,8,K2,,Ambient,Pathogen,2
2,2020-09-02,A171,43,1,43.csv,8,K2,,Ambient,Placebo,2
2,2020-09-02,A187,43,2,43.csv,8,FM19,,Ambient,Pathogen,2
2,2020-09-02,A193,43,3,43.csv,8,FM19,,Ambient,Placebo,2
2,2020-09-02,A197,43,4,43.csv,8,FM19,,Ambient,Placebo,2
2,2020-09-04,A002,1,1,1.csv,4,Kelsey-1,Re-do,NH4,Pathogen,4
2,2020-09-04,A008,1,2,1.csv,4,Kelsey-1,Re-do,NH4,Placebo,4
2,2020-09-04,A027,1,3,1.csv,4,Cooper-9,Re-do,NH4,Pathogen,4
2,2020-09-04,A034,1,4,1.csv,4,Cooper-9,Re-do,NH4,Placebo,4
2,2020-09-04,A037,1,5,1.csv,4,Cooper-9,Re-do,NH4,Placebo,4
2,2020-09-04,A040,1,6,1.csv,4,Acerv2,Re-do,NH4,Pathogen,4
2,2020-09-04,A011,2,1,2.csv,7,U44,Re-do,NH4,Pathogen,3
2,2020-09-04,A014,2,2,2.csv,7,Kelsey-1,Re-do,NH4,Placebo,3
2,2020-09-04,A018,2,3,2.csv,7,Cooper-9,Re-do,NH4,Placebo,3
2,2020-09-04,A021,2,4,2.csv,7,Cooper-9,Re-do,NH4,Pathogen,3
2,2020-09-04,A036,2,5,2.csv,7,Cooper-9,Re-do,NH4,Placebo,3
2,2020-09-04,A039,2,6,2.csv,7,Acerv2,Re-do,NH4,Pathogen,3
2,2020-09-04,306,3,1,3.csv,Holding,Kelsey-1,New,Extra,Extra,Holding
2,2020-09-04,355,3,2,3.csv,Holding,Acerv2,New/Died,Extra,Extra,Holding
2,2020-09-04,410,3,3,3.csv,Holding,K2,New,Ambient,Placebo,6
2,2020-09-04,A092,3,4,3.csv,Holding,Elkhorn,New,NH4,Pathogen,3
2,2020-09-04,A136,3,5,3.csv,Holding,Kelsey-1,New,Extra,Extra,Holding
2,2020-09-04,A145,3,6,3.csv,Holding,Elkhorn,New,Ambient,Pathogen,6
2,2020-09-04,A142,4,1,4.csv,Holding,Elkhorn,New,Extra,Extra,Holding
2,2020-09-04,A153,4,2,4.csv,Holding,Kelsey-1,New,NH4,Pathogen,4
2,2020-09-04,A070,4,3,4.csv,Holding,Elkhorn,New,NH4,Placebo,3
3,2020-09-11,205,5,1,5.csv,1,FM9,,NH4,Pathogen,7
3,2020-09-11,220,5,2,5.csv,1,FM9,,NH4,Placebo,7
3,2020-09-11,226,5,3,5.csv,1,FM9,,NH4,Placebo,7
3,2020-09-11,231,5,4,5.csv,1,FM6,,NH4,Placebo,7
3,2020-09-11,247,5,5,5.csv,1,FM6,,NH4,Pathogen,7
3,2020-09-11,253,6,1,6.csv,1,FM6,,NH4,Pathogen,7
3,2020-09-11,262,6,2,6.csv,1,FM14,,NH4,Placebo,7
3,2020-09-11,289,6,3,6.csv,1,FM14,,NH4,Pathogen,7
3,2020-09-11,291,6,4,6.csv,1,FM14,,NH4,Pathogen,7
3,2020-09-11,A001,1,1,1.csv,1,Kelsey-1,,NH4,Pathogen,7
3,2020-09-11,A007,1,2,1.csv,1,Kelsey-1,,NH4,Placebo,7
3,2020-09-11,A009,1,3,1.csv,1,Kelsey-1,,NH4,Placebo,7
3,2020-09-11,A019,1,4,1.csv,1,Cooper-9,,NH4,Placebo,7
3,2020-09-11,A022,1,5,1.csv,1,Cooper-9,,NH4,Pathogen,7
3,2020-09-11,A024,1,6,1.csv,1,Cooper-9,,NH4,Pathogen,7
3,2020-09-11,A048,2,1,2.csv,1,Acerv2,,NH4,Placebo,7
3,2020-09-11,A051,2,2,2.csv,1,Acerv2,,NH4,Placebo,7
3,2020-09-11,A061,2,3,2.csv,1,Acerv2,,NH4,Pathogen,7
3,2020-09-11,A067,2,4,2.csv,1,U44,,NH4,Pathogen,7
3,2020-09-11,A075,2,5,2.csv,1,Elkhorn,,NH4,Placebo,7
3,2020-09-11,A077,2,6,2.csv,1,Elkhorn,,NH4,Placebo,7
3,2020-09-11,A084,3,1,3.csv,1,Elkhorn,,NH4,Pathogen,7
3,2020-09-11,A105,3,2,3.csv,1,U44,,NH4,Placebo,7
3,2020-09-11,A116,3,3,3.csv,1,U41,,NH4,Pathogen,7
3,2020-09-11,A127,3,4,3.csv,1,U44,,NH4,Placebo,7
3,2020-09-11,A152,3,5,3.csv,1,K2,,NH4,Pathogen,7
3,2020-09-11,A158,4,1,4.csv,1,K2,,NH4,Pathogen,7
3,2020-09-11,A159,4,2,4.csv,1,K2,,NH4,Placebo,7
3,2020-09-11,A184,4,3,4.csv,1,FM19,,NH4,Pathogen,7
3,2020-09-11,A192,4,4,4.csv,1,FM19,,NH4,Placebo,7
3,2020-09-11,A196,4,5,4.csv,1,FM19,,NH4,Placebo,7
3,2020-09-11,211,10,6,10.csv,2,FM9,,NH4,Placebo,8
3,2020-09-11,214,11,1,11.csv,2,FM9,,NH4,Placebo,8
3,2020-09-11,222,11,2,11.csv,2,FM9,,NH4,Pathogen,8
3,2020-09-11,237,11,3,11.csv,2,FM6,,NH4,Pathogen,8
3,2020-09-11,238,11,4,11.csv,2,FM6,,NH4,Pathogen,8
3,2020-09-11,239,11,5,11.csv,2,FM6,,NH4,Placebo,8
3,2020-09-11,270,12,1,12.csv,2,FM14,,NH4,Pathogen,8
3,2020-09-11,282,12,2,12.csv,2,FM14,,NH4,Placebo,8
3,2020-09-11,296,12,3,12.csv,2,FM14,,NH4,Pathogen,8
3,2020-09-11,A010,7,1,7.csv,2,Kelsey-1,,NH4,Placebo,8
3,2020-09-11,A026,0,0,0.csv,2,Cooper-9,TL today,NH4,Placebo,8
3,2020-09-11,A029,7,2,7.csv,2,Cooper-9,,NH4,Pathogen,8
3,2020-09-11,A038,7,3,7.csv,2,Cooper-9,,NH4,Pathogen,8
3,2020-09-11,A041,7,4,7.csv,2,Acerv2,,NH4,Pathogen,8
3,2020-09-11,A052,7,5,7.csv,2,Acerv2,,NH4,Placebo,8
3,2020-09-11,A060,7,6,7.csv,2,Acerv2,,NH4,Placebo,8
3,2020-09-11,A072,8,1,8.csv,2,Elkhorn,,NH4,Placebo,8
3,2020-09-11,A078,8,2,8.csv,2,Elkhorn,,NH4,Pathogen,8
3,2020-09-11,A083,8,3,8.csv,2,Elkhorn,needs reglued,NH4,Placebo,8
3,2020-09-11,A097,8,4,8.csv,2,Kelsey-1,,NH4,Pathogen,8
3,2020-09-11,A101,9,1,9.csv,2,Kelsey-1,,NH4,Placebo,8
3,2020-09-11,A111,9,2,9.csv,2,U44,,NH4,Pathogen,8
3,2020-09-11,A114,9,3,9.csv,2,U41,,NH4,Pathogen,8
3,2020-09-11,A131,9,4,9.csv,2,U44,,NH4,Placebo,8
3,2020-09-11,A134,9,5,9.csv,2,U44,,NH4,Placebo,8
3,2020-09-11,A157,9,6,9.csv,2,K2,,NH4,Pathogen,8
3,2020-09-11,A161,10,1,10.csv,2,K2,,NH4,Pathogen,8
3,2020-09-11,A165,10,2,10.csv,2,K2,,NH4,Placebo,8
3,2020-09-11,A183,10,3,10.csv,2,FM19,,NH4,Pathogen,8
3,2020-09-11,A185,10,4,10.csv,2,FM19,,NH4,Placebo,8
3,2020-09-11,A188,10,5,10.csv,2,FM19,,NH4,Placebo,8
3,2020-09-11,201,16,6,16.csv,3,FM9,,NH4,Pathogen,3
3,2020-09-11,202,17,1,17.csv,3,FM9,,NH4,Pathogen,3
3,2020-09-11,215,17,2,17.csv,3,FM9,,NH4,Placebo,3
3,2020-09-11,232,17,3,17.csv,3,FM6,,NH4,Pathogen,3
3,2020-09-11,254,17,4,17.csv,3,FM6,,NH4,Placebo,3
3,2020-09-11,258,17,5,17.csv,3,FM6,,NH4,Placebo,3
3,2020-09-11,265,17,6,17.csv,3,FM14,,NH4,Pathogen,3
3,2020-09-11,269,18,1,18.csv,3,FM14,,NH4,Placebo,3
3,2020-09-11,293,18,2,18.csv,3,FM14,,NH4,Placebo,3
3,2020-09-11,A011,13,1,13.csv,3,U44,,NH4,Pathogen,3
3,2020-09-11,A014,13,2,13.csv,3,Kelsey-1,,NH4,Placebo,3
3,2020-09-11,A018,13,3,13.csv,3,Cooper-9,,NH4,Placebo,3
3,2020-09-11,A021,13,4,13.csv,3,Cooper-9,,NH4,Pathogen,3
3,2020-09-11,A036,13,5,13.csv,3,Cooper-9,,NH4,Placebo,3
3,2020-09-11,A039,13,6,13.csv,3,Acerv2,,NH4,Pathogen,3
3,2020-09-11,A056,14,1,14.csv,3,Acerv2,,NH4,Placebo,3
3,2020-09-11,A058,14,2,14.csv,3,Acerv2,,NH4,Pathogen,3
3,2020-09-11,A064,14,3,14.csv,3,Elkhorn,,NH4,Pathogen,3
3,2020-09-11,A070,14,4,14.csv,3,Elkhorn,New,NH4,Placebo,3
3,2020-09-11,A092,14,5,14.csv,3,Elkhorn,New,NH4,Pathogen,3
3,2020-09-11,A094,14,6,14.csv,3,Kelsey-1,,NH4,Pathogen,3
3,2020-09-11,A100,15,1,15.csv,3,Kelsey-1,,NH4,Pathogen,3
3,2020-09-11,A106,15,2,15.csv,3,U44,,NH4,Placebo,3
3,2020-09-11,A119,15,3,15.csv,3,U41,,NH4,Pathogen,3
3,2020-09-11,A125,15,4,15.csv,3,U41,,NH4,Pathogen,3
3,2020-09-11,A130,15,5,15.csv,3,U44,,NH4,Pathogen,3
3,2020-09-11,A151,15,6,15.csv,3,K2,,NH4,Placebo,3
3,2020-09-11,A162,16,1,16.csv,3,K2,,NH4,Placebo,3
3,2020-09-11,A167,16,2,16.csv,3,K2,,NH4,Pathogen,3
3,2020-09-11,A175,16,3,16.csv,3,FM19,,NH4,Pathogen,3
3,2020-09-11,A190,16,4,16.csv,3,FM19,,NH4,Placebo,3
3,2020-09-11,A195,16,5,16.csv,3,FM19,,NH4,Pathogen,3
3,2020-09-11,204,23,1,23.csv,4,FM9,,NH4,Placebo,4
3,2020-09-11,216,23,2,23.csv,4,FM9,,NH4,Pathogen,4
3,2020-09-11,235,23,3,23.csv,4,FM6,,NH4,Pathogen,4
3,2020-09-11,261,23,4,23.csv,4,FM6,,NH4,Placebo,4
3,2020-09-11,266,23,5,23.csv,4,FM6,,NH4,Placebo,4
3,2020-09-11,272,23,6,23.csv,4,FM14,,NH4,Placebo,4
3,2020-09-11,284,24,1,24.csv,4,FM14,,NH4,Placebo,4
3,2020-09-11,285,24,2,24.csv,4,FM14,,NH4,Pathogen,4
3,2020-09-11,A002,19,1,19.csv,4,Kelsey-1,,NH4,Pathogen,4
3,2020-09-11,A008,19,2,19.csv,4,Kelsey-1,,NH4,Placebo,4
3,2020-09-11,A027,19,3,19.csv,4,Cooper-9,,NH4,Pathogen,4
3,2020-09-11,A034,19,4,19.csv,4,Cooper-9,,NH4,Placebo,4
3,2020-09-11,A037,19,5,19.csv,4,Cooper-9,,NH4,Placebo,4
3,2020-09-11,A040,19,6,19.csv,4,Acerv2,,NH4,Pathogen,4
3,2020-09-11,A045,20,1,20.csv,4,Acerv2,,NH4,Placebo,4
3,2020-09-11,A046,20,2,20.csv,4,Acerv2,,NH4,Pathogen,4
3,2020-09-11,A068,20,3,20.csv,4,Elkhorn,,NH4,Placebo,4
3,2020-09-11,A071,20,4,20.csv,4,U44,,NH4,Placebo,4
3,2020-09-11,A076,20,5,20.csv,4,Elkhorn,,NH4,Pathogen,4
3,2020-09-11,A089,20,6,20.csv,4,Elkhorn,,NH4,Pathogen,4
3,2020-09-11,A102,21,1,21.csv,4,U44,,NH4,Pathogen,4
3,2020-09-11,A107,21,2,21.csv,4,U41,,NH4,Pathogen,4
3,2020-09-11,A118,21,3,21.csv,4,U41,,NH4,Pathogen,4
3,2020-09-11,A129,21,4,21.csv,4,U44,,NH4,Pathogen,4
3,2020-09-11,A153,21,5,21.csv,4,Kelsey-1,New,NH4,Pathogen,4
3,2020-09-11,A155,21,6,21.csv,4,K2,,NH4,Placebo,4
3,2020-09-11,A163,22,1,22.csv,4,K2,,NH4,Pathogen,4
3,2020-09-11,A172,22,2,22.csv,4,K2,,NH4,Placebo,4
3,2020-09-11,A176,22,3,22.csv,4,FM19,,NH4,Pathogen,4
3,2020-09-11,A179,22,4,22.csv,4,FM19,,NH4,Pathogen,4
3,2020-09-11,A198,22,5,22.csv,4,FM19,,NH4,Placebo,4
3,2020-09-11,A199,22,6,22.csv,4,FM9,,NH4,Pathogen,4
3,2020-09-11,227,28,4,28.csv,5,FM9,,Ambient,Placebo,5
3,2020-09-11,228,28,5,28.csv,5,FM9,,Ambient,Pathogen,5
3,2020-09-11,250,28,6,28.csv,5,FM6,,Ambient,Placebo,5
3,2020-09-11,252,29,1,29.csv,5,FM6,,Ambient,Placebo,5
3,2020-09-11,256,29,2,29.csv,5,FM6,,Ambient,Pathogen,5
3,2020-09-11,264,29,3,29.csv,5,FM14,,Ambient,Pathogen,5
3,2020-09-11,268,29,4,29.csv,5,FM14,,Ambient,Placebo,5
3,2020-09-11,276,29,5,29.csv,5,FM14,,Ambient,Placebo,5
3,2020-09-11,358,29,6,29.csv,5,FM19,New,Ambient,Pathogen,5
3,2020-09-11,A004,25,1,25.csv,5,Kelsey-1,,Ambient,Pathogen,5
3,2020-09-11,A015,25,2,25.csv,5,Kelsey-1,,Ambient,Placebo,5
3,2020-09-11,A017,25,3,25.csv,5,Cooper-9,,Ambient,Placebo,5
3,2020-09-11,A028,25,4,25.csv,5,Cooper-9,,Ambient,Placebo,5
3,2020-09-11,A049,25,5,25.csv,5,Acerv2,,Ambient,Pathogen,5
3,2020-09-11,A057,25,6,25.csv,5,Acerv2,,Ambient,Pathogen,5
3,2020-09-11,A062,25,7,25.csv,5,Acerv2,,Ambient,Placebo,5
3,2020-09-11,A066,26,1,26.csv,5,Elkhorn,,Ambient,Placebo,5
3,2020-09-11,A086,26,2,26.csv,5,Elkhorn,,Ambient,Pathogen,5
3,2020-09-11,A087,26,3,26.csv,5,Elkhorn,,Ambient,Pathogen,5
3,2020-09-11,A091,26,4,26.csv,5,U44,,Ambient,Placebo,5
3,2020-09-11,A095,26,5,26.csv,5,Kelsey-1,,Ambient,Pathogen,5
3,2020-09-11,A109,26,6,26.csv,5,U44,,Ambient,Placebo,5
3,2020-09-11,A115,27,1,27.csv,5,U41,,Ambient,Pathogen,5
3,2020-09-11,A121,27,2,27.csv,5,U44,,Ambient,Pathogen,5
3,2020-09-11,A154,27,3,27.csv,5,K2,,Ambient,Placebo,5
3,2020-09-11,A160,27,4,27.csv,5,K2,,Ambient,Placebo,5
3,2020-09-11,A166,27,5,27.csv,5,K2,,Ambient,Pathogen,5
3,2020-09-11,A180,27,6,27.csv,5,FM19,,Ambient,Pathogen,5
3,2020-09-11,A181,28,1,28.csv,5,FM19,,Ambient,Pathogen,5
3,2020-09-11,A189,28,2,28.csv,5,FM19,,Ambient,Placebo,5
3,2020-09-11,A200,28,3,28.csv,5,FM9,,Ambient,Pathogen,5
3,2020-09-11,217,33,4,33.csv,6,FM9,,Ambient,Pathogen,6
3,2020-09-11,221,33,5,33.csv,6,FM9,,Ambient,Placebo,6
3,2020-09-11,224,33,6,33.csv,6,FM9,,Ambient,Pathogen,6
3,2020-09-11,241,34,1,34.csv,6,FM6,,Ambient,Pathogen,6
3,2020-09-11,244,34,2,34.csv,6,FM6,,Ambient,Placebo,6
3,2020-09-11,251,34,3,34.csv,6,FM6,,Ambient,Placebo,6
3,2020-09-11,274,34,4,34.csv,6,FM14,,Ambient,Pathogen,6
3,2020-09-11,277,34,5,34.csv,6,FM14,,Ambient,Placebo,6
3,2020-09-11,288,34,6,34.csv,6,FM14,,Ambient,Placebo,6
3,2020-09-11,410,34,7,34.csv,6,K2,New,Ambient,Placebo,6
3,2020-09-11,A003,30,1,30.csv,6,Kelsey-1,,Ambient,Pathogen,6
3,2020-09-11,A016,30,2,30.csv,6,Cooper-9,,Ambient,Pathogen,6
3,2020-09-11,A020,30,3,30.csv,6,Cooper-9,,Ambient,Placebo,6
3,2020-09-11,A032,30,4,30.csv,6,Cooper-9,,Ambient,Pathogen,6
3,2020-09-11,A044,30,5,30.csv,6,Acerv2,reglued,Ambient,Pathogen,6
3,2020-09-11,A050,30,6,30.csv,6,Acerv2,,Ambient,Placebo,6
3,2020-09-11,A059,31,1,31.csv,6,Acerv2,,Ambient,Pathogen,6
3,2020-09-11,A082,31,2,31.csv,6,Elkhorn,,Ambient,Pathogen,6
3,2020-09-11,A090,31,3,31.csv,6,Elkhorn,,Ambient,Placebo,6
3,2020-09-11,A096,31,4,31.csv,6,Kelsey-1,,Ambient,Placebo,6
3,2020-09-11,A098,31,5,31.csv,6,Kelsey-1,,Ambient,Pathogen,6
3,2020-09-11,A112,31,6,31.csv,6,U41,,Ambient,Pathogen,6
3,2020-09-11,A122,32,1,32.csv,6,U44,,Ambient,Placebo,6
3,2020-09-11,A123,32,2,32.csv,6,U41,,Ambient,Pathogen,6
3,2020-09-11,A128,32,3,32.csv,6,U44,,Ambient,Placebo,6
3,2020-09-11,A132,32,4,32.csv,6,U44,,Ambient,Pathogen,6
3,2020-09-11,A145,32,5,32.csv,6,Elkhorn,New,Ambient,Pathogen,6
3,2020-09-11,A173,32,6,32.csv,6,K2,,Ambient,Placebo,6
3,2020-09-11,A174,32,7,32.csv,6,K2,,Ambient,Pathogen,6
3,2020-09-11,A177,33,1,33.csv,6,FM19,,Ambient,Pathogen,6
3,2020-09-11,A178,33,2,33.csv,6,FM19,,Ambient,Placebo,6
3,2020-09-11,A194,33,3,33.csv,6,FM19,,Ambient,Pathogen,6
3,2020-09-11,208,38,4,38.csv,7,FM9,,Ambient,Placebo,1
3,2020-09-11,218,38,5,38.csv,7,FM9,,Ambient,Placebo,1
3,2020-09-11,229,38,6,38.csv,7,FM9,,Ambient,Pathogen,1
3,2020-09-11,230,39,1,39.csv,7,FM6,,Ambient,Pathogen,1
3,2020-09-11,243,39,2,39.csv,7,FM6,,Ambient,Pathogen,1
3,2020-09-11,245,39,3,39.csv,7,FM6,,Ambient,Placebo,1
3,2020-09-11,279,39,4,39.csv,7,FM14,,Ambient,Placebo,1
3,2020-09-11,281,39,5,39.csv,7,FM14,,Ambient,Pathogen,1
3,2020-09-11,283,39,6,39.csv,7,FM14,,Ambient,Pathogen,1
3,2020-09-11,A005,35,1,35.csv,7,Kelsey-1,,Ambient,Pathogen,1
3,2020-09-11,A012,35,2,35.csv,7,Kelsey-1,,Ambient,Placebo,1
3,2020-09-11,A030,35,3,35.csv,7,Cooper-9,,Ambient,Pathogen,1
3,2020-09-11,A031,35,4,35.csv,7,Cooper-9,,Ambient,Pathogen,1
3,2020-09-11,A033,35,5,35.csv,7,Cooper-9,,Ambient,Placebo,1
3,2020-09-11,A047,35,6,35.csv,7,Acerv2,,Ambient,Placebo,1
3,2020-09-11,A053,36,1,36.csv,7,Acerv2,,Ambient,Pathogen,1
3,2020-09-11,A055,36,2,36.csv,7,Acerv2,,Ambient,Placebo,1
3,2020-09-11,A069,36,3,36.csv,7,Elkhorn,,Ambient,Placebo,1
3,2020-09-11,A073,36,4,36.csv,7,Elkhorn,,Ambient,Pathogen,1
3,2020-09-11,A088,36,5,36.csv,7,Elkhorn,,Ambient,Placebo,1
3,2020-09-11,A103,36,6,36.csv,7,Kelsey-1,,Ambient,Placebo,1
3,2020-09-11,A104,37,1,37.csv,7,U44,,Ambient,Pathogen,1
3,2020-09-11,A110,37,2,37.csv,7,U41,,Ambient,Pathogen,1
3,2020-09-11,A113,37,3,37.csv,7,U44,,Ambient,Pathogen,1
3,2020-09-11,A120,37,4,37.csv,7,U44,,Ambient,Placebo,1
3,2020-09-11,A164,37,5,37.csv,7,K2,,Ambient,Pathogen,1
3,2020-09-11,A169,37,6,37.csv,7,K2,,Ambient,Placebo,1
3,2020-09-11,A170,37,7,37.csv,7,K2,,Ambient,Pathogen,1
3,2020-09-11,A182,38,1,38.csv,7,FM19,,Ambient,Pathogen,1
3,2020-09-11,A186,38,2,38.csv,7,FM19,,Ambient,Placebo,1
3,2020-09-11,A191,38,3,38.csv,7,FM19,,Ambient,Placebo,1
3,2020-09-11,207,43,5,43.csv,8,FM9,,Ambient,Placebo,2
3,2020-09-11,209,44,1,44.csv,8,FM9,,Ambient,Placebo,2
3,2020-09-11,225,44,2,44.csv,8,FM9,,Ambient,Pathogen,2
3,2020-09-11,234,44,3,44.csv,8,FM6,,Ambient,Pathogen,2
3,2020-09-11,242,44,4,44.csv,8,FM6,,Ambient,Pathogen,2
3,2020-09-11,260,44,5,44.csv,8,FM6,,Ambient,Placebo,2
3,2020-09-11,263,44,6,44.csv,8,FM14,,Ambient,Placebo,2
3,2020-09-11,273,45,1,45.csv,8,FM14,,Ambient,Pathogen,2
3,2020-09-11,275,45,2,45.csv,8,FM14,,Ambient,Pathogen,2
3,2020-09-11,A006,40,1,40.csv,8,U44,,Ambient,Placebo,2
3,2020-09-11,A013,40,2,40.csv,8,Kelsey-1,,Ambient,Placebo,2
3,2020-09-11,A023,40,3,40.csv,8,Cooper-9,,Ambient,Pathogen,2
3,2020-09-11,A025,40,4,40.csv,8,Cooper-9,,Ambient,Pathogen,2
3,2020-09-11,A035,40,5,40.csv,8,Cooper-9,,Ambient,Placebo,2
3,2020-09-11,A042,40,6,40.csv,8,Acerv2,,Ambient,Placebo,2
3,2020-09-11,A043,41,1,41.csv,8,Acerv2,,Ambient,Placebo,2
3,2020-09-11,A065,41,2,41.csv,8,Elkhorn,,Ambient,Placebo,2
3,2020-09-11,A079,41,3,41.csv,8,Elkhorn,,Ambient,Placebo,2
3,2020-09-11,A080,41,4,41.csv,8,Elkhorn,,Ambient,Pathogen,2
3,2020-09-11,A085,41,5,41.csv,8,U44,,Ambient,Pathogen,2
3,2020-09-11,A093,41,6,41.csv,8,Kelsey-1,,Ambient,Pathogen,2
3,2020-09-11,A099,42,1,42.csv,8,Kelsey-1,,Ambient,Placebo,2
3,2020-09-11,A124,42,2,42.csv,8,U41,,Ambient,Pathogen,2
3,2020-09-11,A133,42,3,42.csv,8,U44,,Ambient,Pathogen,2
3,2020-09-11,A156,42,4,42.csv,8,K2,,Ambient,Pathogen,2
3,2020-09-11,A168,42,5,42.csv,8,K2,,Ambient,Pathogen,2
3,2020-09-11,A171,43,1,43.csv,8,K2,,Ambient,Placebo,2
3,2020-09-11,A187,43,2,43.csv,8,FM19,,Ambient,Pathogen,2
3,2020-09-11,A193,43,3,43.csv,8,FM19,,Ambient,Placebo,2
3,2020-09-11,A197,43,4,43.csv,8,FM19,,Ambient,Placebo,2
3,2020-09-11,469,45,3,45.csv,8,Acerv2,New,Ambient,Pathogen,2
4,2020-09-18,A001,28,1,28.csv,7,Kelsey-1,,NH4,Pathogen,7
4,2020-09-18,A007,28,2,28.csv,7,Kelsey-1,,NH4,Placebo,7
4,2020-09-18,A009,28,3,28.csv,7,Kelsey-1,,NH4,Placebo,7
4,2020-09-18,A019,28,4,28.csv,7,Cooper-9,,NH4,Placebo,7
4,2020-09-18,A022,28,5,28.csv,7,Cooper-9,,NH4,Pathogen,7
4,2020-09-18,A024,28,6,28.csv,7,Cooper-9,,NH4,Pathogen,7
4,2020-09-18,A048,29,1,29.csv,7,Acerv2,,NH4,Placebo,7
4,2020-09-18,A051,29,2,29.csv,7,Acerv2,,NH4,Placebo,7
4,2020-09-18,A061,29,3,29.csv,7,Acerv2,,NH4,Pathogen,7
4,2020-09-18,A067,29,4,29.csv,7,U44,,NH4,Pathogen,7
4,2020-09-18,A075,29,5,29.csv,7,Elkhorn,,NH4,Placebo,7
4,2020-09-18,A077,29,6,29.csv,7,Elkhorn,,NH4,Placebo,7
4,2020-09-18,A084,30,1,30.csv,7,Elkhorn,,NH4,Pathogen,7
4,2020-09-18,A105,30,2,30.csv,7,U44,,NH4,Placebo,7
4,2020-09-18,A116,30,3,30.csv,7,U41,,NH4,Pathogen,7
4,2020-09-18,A127,30,4,30.csv,7,U44,,NH4,Placebo,7
4,2020-09-18,A152,30,5,30.csv,7,K2,,NH4,Pathogen,7
4,2020-09-18,A158,30,6,30.csv,7,K2,,NH4,Pathogen,7
4,2020-09-18,A159,31,1,31.csv,7,K2,,NH4,Placebo,7
4,2020-09-18,A184,31,2,31.csv,7,FM19,,NH4,Pathogen,7
4,2020-09-18,A192,31,3,31.csv,7,FM19,,NH4,Placebo,7
4,2020-09-18,A196,31,4,31.csv,7,FM19,,NH4,Placebo,7
4,2020-09-18,205,31,5,31.csv,7,FM9,,NH4,Pathogen,7
4,2020-09-18,220,31,6,31.csv,7,FM9,,NH4,Placebo,7
4,2020-09-18,226,32,1,32.csv,7,FM9,,NH4,Placebo,7
4,2020-09-18,231,32,2,32.csv,7,FM6,,NH4,Placebo,7
4,2020-09-18,247,32,3,32.csv,7,FM6,,NH4,Pathogen,7
4,2020-09-18,253,32,4,32.csv,7,FM6,,NH4,Pathogen,7
4,2020-09-18,262,32,5,32.csv,7,FM14,,NH4,Placebo,7
4,2020-09-18,289,32,6,32.csv,7,FM14,,NH4,Pathogen,7
4,2020-09-18,291,32,7,32.csv,7,FM14,,NH4,Pathogen,7
4,2020-09-18,A010,23,1,23.csv,8,Kelsey-1,,NH4,Placebo,8
4,2020-09-18,A029,23,2,23.csv,8,Cooper-9,,NH4,Pathogen,8
4,2020-09-18,A038,23,3,23.csv,8,Cooper-9,,NH4,Pathogen,8
4,2020-09-18,A041,23,4,23.csv,8,Acerv2,,NH4,Pathogen,8
4,2020-09-18,A052,23,5,23.csv,8,Acerv2,,NH4,Placebo,8
4,2020-09-18,A060,23,6,23.csv,8,Acerv2,,NH4,Placebo,8
4,2020-09-18,A072,24,1,24.csv,8,Elkhorn,,NH4,Placebo,8
4,2020-09-18,A078,24,2,24.csv,8,Elkhorn,,NH4,Pathogen,8
4,2020-09-18,A083,24,3,24.csv,8,Elkhorn,,NH4,Placebo,8
4,2020-09-18,A097,24,4,24.csv,8,Kelsey-1,,NH4,Pathogen,8
4,2020-09-18,A101,24,5,24.csv,8,Kelsey-1,,NH4,Placebo,8
4,2020-09-18,A111,24,6,24.csv,8,U44,,NH4,Pathogen,8
4,2020-09-18,A114,25,1,25.csv,8,U41,,NH4,Pathogen,8
4,2020-09-18,A131,25,2,25.csv,8,U44,,NH4,Placebo,8
4,2020-09-18,A134,25,3,25.csv,8,U44,,NH4,Placebo,8
4,2020-09-18,A157,25,4,25.csv,8,K2,,NH4,Pathogen,8
4,2020-09-18,A161,25,5,25.csv,8,K2,,NH4,Pathogen,8
4,2020-09-18,A165,25,6,25.csv,8,K2,,NH4,Placebo,8
4,2020-09-18,A183,26,1,26.csv,8,FM19,,NH4,Pathogen,8
4,2020-09-18,A185,26,2,26.csv,8,FM19,,NH4,Placebo,8
4,2020-09-18,A188,26,3,26.csv,8,FM19,,NH4,Placebo,8
4,2020-09-18,211,26,4,26.csv,8,FM9,,NH4,Placebo,8
4,2020-09-18,214,26,5,26.csv,8,FM9,,NH4,Placebo,8
4,2020-09-18,222,26,6,26.csv,8,FM9,,NH4,Pathogen,8
4,2020-09-18,237,27,1,27.csv,8,FM6,,NH4,Pathogen,8
4,2020-09-18,238,27,2,27.csv,8,FM6,,NH4,Pathogen,8
4,2020-09-18,239,27,3,27.csv,8,FM6,,NH4,Placebo,8
4,2020-09-18,270,27,4,27.csv,8,FM14,,NH4,Pathogen,8
4,2020-09-18,282,27,5,27.csv,8,FM14,,NH4,Placebo,8
4,2020-09-18,296,27,6,27.csv,8,FM14,,NH4,Pathogen,8
4,2020-09-18,A011,6,1,6.csv,3,U44,,NH4,Pathogen,3
4,2020-09-18,A014,6,2,6.csv,3,Kelsey-1,,NH4,Placebo,3
4,2020-09-18,A018,6,3,6.csv,3,Cooper-9,,NH4,Placebo,3
4,2020-09-18,A021,6,4,6.csv,3,Cooper-9,,NH4,Pathogen,3
4,2020-09-18,A036,6,5,6.csv,3,Cooper-9,,NH4,Placebo,3
4,2020-09-18,A039,6,6,6.csv,3,Acerv2,,NH4,Pathogen,3
4,2020-09-18,A056,7,1,7.csv,3,Acerv2,,NH4,Placebo,3
4,2020-09-18,A058,7,2,7.csv,3,Acerv2,,NH4,Pathogen,3
4,2020-09-18,A064,7,3,7.csv,3,Elkhorn,,NH4,Pathogen,3
4,2020-09-18,A070,7,4,7.csv,3,Elkhorn,,NH4,Placebo,3
4,2020-09-18,A092,7,5,7.csv,3,Elkhorn,,NH4,Pathogen,3
4,2020-09-18,A094,7,6,7.csv,3,Kelsey-1,,NH4,Pathogen,3
4,2020-09-18,A100,8,1,8.csv,3,Kelsey-1,,NH4,Pathogen,3
4,2020-09-18,A106,8,2,8.csv,3,U44,,NH4,Placebo,3
4,2020-09-18,A119,8,3,8.csv,3,U41,,NH4,Pathogen,3
4,2020-09-18,A125,8,4,8.csv,3,U41,,NH4,Pathogen,3
4,2020-09-18,A130,8,5,8.csv,3,U44,,NH4,Pathogen,3
4,2020-09-18,A151,8,6,8.csv,3,K2,,NH4,Placebo,3
4,2020-09-18,A162,9,1,9.csv,3,K2,,NH4,Placebo,3
4,2020-09-18,A167,9,2,9.csv,3,K2,,NH4,Pathogen,3
4,2020-09-18,A175,9,3,9.csv,3,FM19,,NH4,Pathogen,3
4,2020-09-18,A190,9,4,9.csv,3,FM19,,NH4,Placebo,3
4,2020-09-18,A195,9,5,9.csv,3,FM19,,NH4,Pathogen,3
4,2020-09-18,201,9,6,9.csv,3,FM9,,NH4,Pathogen,3
4,2020-09-18,202,10,1,10.csv,3,FM9,,NH4,Pathogen,3
4,2020-09-18,215,10,2,10.csv,3,FM9,,NH4,Placebo,3
4,2020-09-18,232,10,3,10.csv,3,FM6,,NH4,Pathogen,3
4,2020-09-18,254,10,4,10.csv,3,FM6,,NH4,Placebo,3
4,2020-09-18,258,11,1,11.csv,3,FM6,,NH4,Placebo,3
4,2020-09-18,265,11,2,11.csv,3,FM14,,NH4,Pathogen,3
4,2020-09-18,269,11,3,11.csv,3,FM14,,NH4,Placebo,3
4,2020-09-18,293,11,4,11.csv,3,FM14,,NH4,Placebo,3
4,2020-09-18,A002,17,1,17.csv,4,Kelsey-1,,NH4,Pathogen,4
4,2020-09-18,A008,17,2,17.csv,4,Kelsey-1,,NH4,Placebo,4
4,2020-09-18,A027,17,3,17.csv,4,Cooper-9,,NH4,Pathogen,4
4,2020-09-18,A034,17,4,17.csv,4,Cooper-9,,NH4,Placebo,4
4,2020-09-18,A037,17,5,17.csv,4,Cooper-9,,NH4,Placebo,4
4,2020-09-18,A040,17,6,17.csv,4,Acerv2,,NH4,Pathogen,4
4,2020-09-18,A045,18,1,18.csv,4,Acerv2,,NH4,Placebo,4
4,2020-09-18,A046,18,2,18.csv,4,Acerv2,,NH4,Pathogen,4
4,2020-09-18,A068,18,3,18.csv,4,Elkhorn,,NH4,Placebo,4
4,2020-09-18,A071,18,4,18.csv,4,U44,,NH4,Placebo,4
4,2020-09-18,A076,18,5,18.csv,4,Elkhorn,,NH4,Pathogen,4
4,2020-09-18,A089,18,6,18.csv,4,Elkhorn,,NH4,Pathogen,4
4,2020-09-18,A102,19,1,19.csv,4,U44,,NH4,Pathogen,4
4,2020-09-18,A107,19,2,19.csv,4,U41,,NH4,Pathogen,4
4,2020-09-18,A118,19,3,19.csv,4,U41,,NH4,Pathogen,4
4,2020-09-18,A129,19,4,19.csv,4,U44,,NH4,Pathogen,4
4,2020-09-18,A153,19,5,19.csv,4,Kelsey-1,,NH4,Pathogen,4
4,2020-09-18,A155,19,6,19.csv,4,K2,,NH4,Placebo,4
4,2020-09-18,A163,20,1,20.csv,4,K2,,NH4,Pathogen,4
4,2020-09-18,A172,20,2,20.csv,4,K2,,NH4,Placebo,4
4,2020-09-18,A176,20,3,20.csv,4,FM19,,NH4,Pathogen,4
4,2020-09-18,A179,20,4,20.csv,4,FM19,,NH4,Pathogen,4
4,2020-09-18,A198,20,5,20.csv,4,FM19,,NH4,Placebo,4
4,2020-09-18,A199,20,6,20.csv,4,FM9,,NH4,Pathogen,4
4,2020-09-18,204,21,1,21.csv,4,FM9,,NH4,Placebo,4
4,2020-09-18,216,21,2,21.csv,4,FM9,,NH4,Pathogen,4
4,2020-09-18,235,21,3,21.csv,4,FM6,,NH4,Pathogen,4
4,2020-09-18,261,21,4,21.csv,4,FM6,,NH4,Placebo,4
4,2020-09-18,266,22,1,22.csv,4,FM6,,NH4,Placebo,4
4,2020-09-18,272,22,2,22.csv,4,FM14,,NH4,Placebo,4
4,2020-09-18,284,22,3,22.csv,4,FM14,,NH4,Placebo,4
4,2020-09-18,285,22,4,22.csv,4,FM14,,NH4,Pathogen,4
4,2020-09-18,A004,33,1,33.csv,5,Kelsey-1,,Ambient,Pathogen,5
4,2020-09-18,A015,33,2,33.csv,5,Kelsey-1,,Ambient,Placebo,5
4,2020-09-18,A017,33,3,33.csv,5,Cooper-9,,Ambient,Placebo,5
4,2020-09-18,A028,33,4,33.csv,5,Cooper-9,,Ambient,Placebo,5
4,2020-09-18,A049,33,5,33.csv,5,Acerv2,,Ambient,Pathogen,5
4,2020-09-18,A057,33,6,33.csv,5,Acerv2,,Ambient,Pathogen,5
4,2020-09-18,A062,34,1,34.csv,5,Acerv2,,Ambient,Placebo,5
4,2020-09-18,A066,34,2,34.csv,5,Elkhorn,,Ambient,Placebo,5
4,2020-09-18,A086,34,3,34.csv,5,Elkhorn,,Ambient,Pathogen,5
4,2020-09-18,A087,34,4,34.csv,5,Elkhorn,,Ambient,Pathogen,5
4,2020-09-18,A091,34,5,34.csv,5,U44,,Ambient,Placebo,5
4,2020-09-18,A095,34,6,34.csv,5,Kelsey-1,,Ambient,Pathogen,5
4,2020-09-18,A109,35,1,35.csv,5,U44,,Ambient,Placebo,5
4,2020-09-18,A115,35,2,35.csv,5,U41,,Ambient,Pathogen,5
4,2020-09-18,A121,35,3,35.csv,5,U44,,Ambient,Pathogen,5
4,2020-09-18,A154,35,4,35.csv,5,K2,,Ambient,Placebo,5
4,2020-09-18,A160,35,5,35.csv,5,K2,,Ambient,Placebo,5
4,2020-09-18,A166,35,6,35.csv,5,K2,,Ambient,Pathogen,5
4,2020-09-18,A180,36,1,36.csv,5,FM19,,Ambient,Pathogen,5
4,2020-09-18,A181,36,2,36.csv,5,FM19,,Ambient,Pathogen,5
4,2020-09-18,A189,36,3,36.csv,5,FM19,,Ambient,Placebo,5
4,2020-09-18,A200,36,4,36.csv,5,FM9,,Ambient,Pathogen,5
4,2020-09-18,227,36,5,36.csv,5,FM9,,Ambient,Placebo,5
4,2020-09-18,228,36,6,36.csv,5,FM9,,Ambient,Pathogen,5
4,2020-09-18,250,37,1,37.csv,5,FM6,,Ambient,Placebo,5
4,2020-09-18,252,37,2,37.csv,5,FM6,,Ambient,Placebo,5
4,2020-09-18,256,37,3,37.csv,5,FM6,,Ambient,Pathogen,5
4,2020-09-18,264,37,4,37.csv,5,FM14,,Ambient,Pathogen,5
4,2020-09-18,268,37,5,37.csv,5,FM14,,Ambient,Placebo,5
4,2020-09-18,276,37,6,37.csv,5,FM14,,Ambient,Placebo,5
4,2020-09-18,358,37,7,37.csv,5,FM19,,Ambient,Pathogen,5
4,2020-09-18,A003,38,1,38.csv,6,Kelsey-1,,Ambient,Pathogen,6
4,2020-09-18,A016,38,2,38.csv,6,Cooper-9,,Ambient,Pathogen,6
4,2020-09-18,A020,38,3,38.csv,6,Cooper-9,,Ambient,Placebo,6
4,2020-09-18,A032,38,4,38.csv,6,Cooper-9,,Ambient,Pathogen,6
4,2020-09-18,A044,38,5,38.csv,6,Acerv2,,Ambient,Pathogen,6
4,2020-09-18,A050,38,6,38.csv,6,Acerv2,,Ambient,Placebo,6
4,2020-09-18,A059,40,1,40.csv,6,Acerv2,,Ambient,Pathogen,6
4,2020-09-18,A082,40,2,40.csv,6,Elkhorn,,Ambient,Pathogen,6
4,2020-09-18,A090,40,3,40.csv,6,Elkhorn,,Ambient,Placebo,6
4,2020-09-18,A096,40,4,40.csv,6,Kelsey-1,,Ambient,Placebo,6
4,2020-09-18,A098,40,5,40.csv,6,Kelsey-1,,Ambient,Pathogen,6
4,2020-09-18,A112,40,6,40.csv,6,U41,,Ambient,Pathogen,6
4,2020-09-18,A122,39,1,39.csv,6,U44,,Ambient,Placebo,6
4,2020-09-18,A123,39,2,39.csv,6,U41,,Ambient,Pathogen,6
4,2020-09-18,A128,39,3,39.csv,6,U44,,Ambient,Placebo,6
4,2020-09-18,A132,39,4,39.csv,6,U44,,Ambient,Pathogen,6
4,2020-09-18,A145,39,5,39.csv,6,Elkhorn,,Ambient,Pathogen,6
4,2020-09-18,A173,39,6,39.csv,6,K2,,Ambient,Placebo,6
4,2020-09-18,A174,41,1,41.csv,6,K2,,Ambient,Pathogen,6
4,2020-09-18,A177,41,2,41.csv,6,FM19,,Ambient,Pathogen,6
4,2020-09-18,A178,41,3,41.csv,6,FM19,,Ambient,Placebo,6
4,2020-09-18,A194,41,4,41.csv,6,FM19,,Ambient,Pathogen,6
4,2020-09-18,217,41,5,41.csv,6,FM9,,Ambient,Pathogen,6
4,2020-09-18,221,41,6,41.csv,6,FM9,,Ambient,Placebo,6
4,2020-09-18,224,42,1,42.csv,6,FM9,,Ambient,Pathogen,6
4,2020-09-18,241,42,2,42.csv,6,FM6,,Ambient,Pathogen,6
4,2020-09-18,244,42,3,42.csv,6,FM6,,Ambient,Placebo,6
4,2020-09-18,251,42,4,42.csv,6,FM6,,Ambient,Placebo,6
4,2020-09-18,274,42,5,42.csv,6,FM14,,Ambient,Pathogen,6
4,2020-09-18,277,42,6,42.csv,6,FM14,,Ambient,Placebo,6
4,2020-09-18,288,43,1,43.csv,6,FM14,,Ambient,Placebo,6
4,2020-09-18,410,43,2,43.csv,6,K2,,Ambient,Placebo,6
4,2020-09-18,A005,12,1,12.csv,1,Kelsey-1,,Ambient,Pathogen,1
4,2020-09-18,A012,12,2,12.csv,1,Kelsey-1,,Ambient,Placebo,1
4,2020-09-18,A030,12,3,12.csv,1,Cooper-9,,Ambient,Pathogen,1
4,2020-09-18,A031,12,4,12.csv,1,Cooper-9,,Ambient,Pathogen,1
4,2020-09-18,A033,12,5,12.csv,1,Cooper-9,,Ambient,Placebo,1
4,2020-09-18,A047,12,6,12.csv,1,Acerv2,,Ambient,Placebo,1
4,2020-09-18,A053,13,1,13.csv,1,Acerv2,,Ambient,Pathogen,1
4,2020-09-18,A055,13,2,13.csv,1,Acerv2,,Ambient,Placebo,1
4,2020-09-18,A069,13,3,13.csv,1,Elkhorn,,Ambient,Placebo,1
4,2020-09-18,A073,13,4,13.csv,1,Elkhorn,,Ambient,Pathogen,1
4,2020-09-18,A088,13,5,13.csv,1,Elkhorn,,Ambient,Placebo,1
4,2020-09-18,A103,13,6,13.csv,1,Kelsey-1,,Ambient,Placebo,1
4,2020-09-18,A104,14,1,14.csv,1,U44,,Ambient,Pathogen,1
4,2020-09-18,A110,14,2,14.csv,1,U41,,Ambient,Pathogen,1
4,2020-09-18,A113,14,3,14.csv,1,U44,,Ambient,Pathogen,1
4,2020-09-18,A120,14,4,14.csv,1,U44,,Ambient,Placebo,1
4,2020-09-18,A164,14,5,14.csv,1,K2,,Ambient,Pathogen,1
4,2020-09-18,A169,,,.csv,1,K2,TL-dead,Ambient,Placebo,1
4,2020-09-18,A170,14,6,14.csv,1,K2,,Ambient,Pathogen,1
4,2020-09-18,A182,15,1,15.csv,1,FM19,,Ambient,Pathogen,1
4,2020-09-18,A186,15,2,15.csv,1,FM19,,Ambient,Placebo,1
4,2020-09-18,A191,15,3,15.csv,1,FM19,,Ambient,Placebo,1
4,2020-09-18,208,15,4,15.csv,1,FM9,,Ambient,Placebo,1
4,2020-09-18,218,15,5,15.csv,1,FM9,,Ambient,Placebo,1
4,2020-09-18,229,15,6,15.csv,1,FM9,,Ambient,Pathogen,1
4,2020-09-18,230,16,1,16.csv,1,FM6,,Ambient,Pathogen,1
4,2020-09-18,243,16,2,16.csv,1,FM6,,Ambient,Pathogen,1
4,2020-09-18,245,16,3,16.csv,1,FM6,,Ambient,Placebo,1
4,2020-09-18,279,16,4,16.csv,1,FM14,,Ambient,Placebo,1
4,2020-09-18,281,16,5,16.csv,1,FM14,,Ambient,Pathogen,1
4,2020-09-18,283,16,6,16.csv,1,FM14,,Ambient,Pathogen,1
4,2020-09-18,A006,1,1,1.csv,2,U44,,Ambient,Placebo,2
4,2020-09-18,A013,1,2,1.csv,2,Kelsey-1,,Ambient,Placebo,2
4,2020-09-18,A023,1,3,1.csv,2,Cooper-9,,Ambient,Pathogen,2
4,2020-09-18,A025,1,4,1.csv,2,Cooper-9,,Ambient,Pathogen,2
4,2020-09-18,A035,1,5,1.csv,2,Cooper-9,,Ambient,Placebo,2
4,2020-09-18,A042,1,6,1.csv,2,Acerv2,,Ambient,Placebo,2
4,2020-09-18,A043,2,1,2.csv,2,Acerv2,,Ambient,Placebo,2
4,2020-09-18,A065,2,2,2.csv,2,Elkhorn,,Ambient,Placebo,2
4,2020-09-18,A079,2,6,2.csv,2,Elkhorn,,Ambient,Placebo,2
4,2020-09-18,A080,2,3,2.csv,2,Elkhorn,,Ambient,Pathogen,2
4,2020-09-18,A085,2,5,2.csv,2,U44,,Ambient,Pathogen,2
4,2020-09-18,A093,3,1,3.csv,2,Kelsey-1,,Ambient,Pathogen,2
4,2020-09-18,A099,3,2,3.csv,2,Kelsey-1,,Ambient,Placebo,2
4,2020-09-18,A124,3,3,3.csv,2,U41,,Ambient,Pathogen,2
4,2020-09-18,A133,3,4,3.csv,2,U44,,Ambient,Pathogen,2
4,2020-09-18,A156,2,4,2.csv,2,K2,,Ambient,Pathogen,2
4,2020-09-18,A168,3,5,3.csv,2,K2,,Ambient,Pathogen,2
4,2020-09-18,A171,3,6,3.csv,2,K2,,Ambient,Placebo,2
4,2020-09-18,A187,4,1,4.csv,2,FM19,,Ambient,Pathogen,2
4,2020-09-18,A193,4,2,4.csv,2,FM19,,Ambient,Placebo,2
4,2020-09-18,A197,4,3,4.csv,2,FM19,,Ambient,Placebo,2
4,2020-09-18,207,4,4,4.csv,2,FM9,,Ambient,Placebo,2
4,2020-09-18,209,4,5,4.csv,2,FM9,,Ambient,Placebo,2
4,2020-09-18,225,4,6,4.csv,2,FM9,,Ambient,Pathogen,2
4,2020-09-18,234,5,1,5.csv,2,FM6,,Ambient,Pathogen,2
4,2020-09-18,242,5,2,5.csv,2,FM6,,Ambient,Pathogen,2
4,2020-09-18,260,5,3,5.csv,2,FM6,,Ambient,Placebo,2
4,2020-09-18,263,5,4,5.csv,2,FM14,,Ambient,Placebo,2
4,2020-09-18,273,5,5,5.csv,2,FM14,,Ambient,Pathogen,2
4,2020-09-18,275,5,6,5.csv,2,FM14,,Ambient,Pathogen,2
4,2020-09-18,469,5,7,5.csv,2,Acerv2,,Ambient,Pathogen,2
5,2020-09-22,A005,18,1,18.csv,1,Kelsey-1,,Ambient,Pathogen,1
5,2020-09-22,A012,18,2,18.csv,1,Kelsey-1,,Ambient,Placebo,1
5,2020-09-22,A030,18,3,18.csv,1,Cooper-9,,Ambient,Pathogen,1
5,2020-09-22,A031,18,4,18.csv,1,Cooper-9,,Ambient,Pathogen,1
5,2020-09-22,A033,18,5,18.csv,1,Cooper-9,,Ambient,Placebo,1
5,2020-09-22,A047,18,6,18.csv,1,Acerv2,,Ambient,Placebo,1
5,2020-09-22,A053,19,1,19.csv,1,Acerv2,,Ambient,Pathogen,1
5,2020-09-22,A055,19,2,19.csv,1,Acerv2,,Ambient,Placebo,1
5,2020-09-22,A069,19,3,19.csv,1,Elkhorn,,Ambient,Placebo,1
5,2020-09-22,A088,19,4,19.csv,1,Elkhorn,,Ambient,Placebo,1
5,2020-09-22,A103,19,5,19.csv,1,Kelsey-1,,Ambient,Placebo,1
5,2020-09-22,A104,19,6,19.csv,1,U44,,Ambient,Pathogen,1
5,2020-09-22,A110,20,1,20.csv,1,U41,,Ambient,Pathogen,1
5,2020-09-22,A113,20,2,20.csv,1,U44,,Ambient,Pathogen,1
5,2020-09-22,A120,20,3,20.csv,1,U44,,Ambient,Placebo,1
5,2020-09-22,A164,20,4,20.csv,1,K2,,Ambient,Pathogen,1
5,2020-09-22,A170,20,5,20.csv,1,K2,,Ambient,Pathogen,1
5,2020-09-22,A182,20,6,20.csv,1,FM19,,Ambient,Pathogen,1
5,2020-09-22,A186,21,1,21.csv,1,FM19,,Ambient,Placebo,1
5,2020-09-22,A191,21,2,21.csv,1,FM19,,Ambient,Placebo,1
5,2020-09-22,208,21,3,21.csv,1,FM9,,Ambient,Placebo,1
5,2020-09-22,218,21,4,21.csv,1,FM9,,Ambient,Placebo,1
5,2020-09-22,230,21,5,21.csv,1,FM6,,Ambient,Pathogen,1
5,2020-09-22,243,21,6,21.csv,1,FM6,,Ambient,Pathogen,1
5,2020-09-22,245,22,1,22.csv,1,FM6,,Ambient,Placebo,1
5,2020-09-22,279,22,2,22.csv,1,FM14,,Ambient,Placebo,1
5,2020-09-22,281,22,3,22.csv,1,FM14,,Ambient,Pathogen,1
5,2020-09-22,283,22,4,22.csv,1,FM14,,Ambient,Pathogen,1
5,2020-09-22,334,6,4,6.csv,1,FM9,New-Replaced 229,Ambient,Pathogen,1
5,2020-09-22,471,6,5,6.csv,1,Elkhorn,New-Replaced A079,Ambient,Pathogen,1
5,2020-09-22,A006,13,1,13.csv,2,U44,,Ambient,Placebo,2
5,2020-09-22,A013,13,2,13.csv,2,Kelsey-1,,Ambient,Placebo,2
5,2020-09-22,A023,13,3,13.csv,2,Cooper-9,,Ambient,Pathogen,2
5,2020-09-22,A025,13,4,13.csv,2,Cooper-9,,Ambient,Pathogen,2
5,2020-09-22,A035,13,5,13.csv,2,Cooper-9,,Ambient,Placebo,2
5,2020-09-22,A042,13,6,13.csv,2,Acerv2,,Ambient,Placebo,2
5,2020-09-22,A043,14,1,14.csv,2,Acerv2,,Ambient,Placebo,2
5,2020-09-22,A065,14,2,14.csv,2,Elkhorn,,Ambient,Placebo,2
5,2020-09-22,A079,14,3,14.csv,2,Elkhorn,,Ambient,Placebo,2
5,2020-09-22,A080,14,4,14.csv,2,Elkhorn,,Ambient,Pathogen,2
5,2020-09-22,A085,14,5,14.csv,2,U44,,Ambient,Pathogen,2
5,2020-09-22,A093,14,6,14.csv,2,Kelsey-1,,Ambient,Pathogen,2
5,2020-09-22,A099,15,1,15.csv,2,Kelsey-1,,Ambient,Placebo,2
5,2020-09-22,A124,15,2,15.csv,2,U41,,Ambient,Pathogen,2
5,2020-09-22,A133,15,3,15.csv,2,U44,,Ambient,Pathogen,2
5,2020-09-22,A156,15,4,15.csv,2,K2,,Ambient,Pathogen,2
5,2020-09-22,A168,15,5,15.csv,2,K2,,Ambient,Pathogen,2
5,2020-09-22,A171,15,6,15.csv,2,K2,,Ambient,Placebo,2
5,2020-09-22,A187,16,1,16.csv,2,FM19,,Ambient,Pathogen,2
5,2020-09-22,A193,16,2,16.csv,2,FM19,,Ambient,Placebo,2
5,2020-09-22,A197,16,3,16.csv,2,FM19,,Ambient,Placebo,2
5,2020-09-22,207,16,4,16.csv,2,FM9,,Ambient,Placebo,2
5,2020-09-22,209,16,5,16.csv,2,FM9,,Ambient,Placebo,2
5,2020-09-22,225,16,6,16.csv,2,FM9,,Ambient,Pathogen,2
5,2020-09-22,234,17,1,17.csv,2,FM6,,Ambient,Pathogen,2
5,2020-09-22,242,17,2,17.csv,2,FM6,,Ambient,Pathogen,2
5,2020-09-22,260,17,3,17.csv,2,FM6,,Ambient,Placebo,2
5,2020-09-22,263,17,4,17.csv,2,FM14,,Ambient,Placebo,2
5,2020-09-22,273,17,5,17.csv,2,FM14,,Ambient,Pathogen,2
5,2020-09-22,275,17,6,17.csv,2,FM14,,Ambient,Pathogen,2
5,2020-09-22,469,17,7,17.csv,2,Acerv2,,Ambient,Pathogen,2
5,2020-09-22,A011,7,1,7.csv,3,U44,Was in T 4,NH4,Pathogen,3
5,2020-09-22,A014,7,2,7.csv,3,Kelsey-1,,NH4,Placebo,3
5,2020-09-22,A018,7,3,7.csv,3,Cooper-9,,NH4,Placebo,3
5,2020-09-22,A021,7,4,7.csv,3,Cooper-9,,NH4,Pathogen,3
5,2020-09-22,A036,7,5,7.csv,3,Cooper-9,,NH4,Placebo,3
5,2020-09-22,A039,7,6,7.csv,3,Acerv2,,NH4,Pathogen,3
5,2020-09-22,A056,8,1,8.csv,3,Acerv2,,NH4,Placebo,3
5,2020-09-22,A058,8,2,8.csv,3,Acerv2,,NH4,Pathogen,3
5,2020-09-22,A064,8,3,8.csv,3,Elkhorn,,NH4,Pathogen,3
5,2020-09-22,A070,8,4,8.csv,3,Elkhorn,,NH4,Placebo,3
5,2020-09-22,A092,8,5,8.csv,3,Elkhorn,,NH4,Pathogen,3
5,2020-09-22,A094,8,6,8.csv,3,Kelsey-1,,NH4,Pathogen,3
5,2020-09-22,A100,9,1,9.csv,3,Kelsey-1,,NH4,Pathogen,3
5,2020-09-22,A106,9,2,9.csv,3,U44,,NH4,Placebo,3
5,2020-09-22,A119,9,3,9.csv,3,U41,,NH4,Pathogen,3
5,2020-09-22,A125,9,4,9.csv,3,U41,,NH4,Pathogen,3
5,2020-09-22,A130,9,5,9.csv,3,U44,,NH4,Pathogen,3
5,2020-09-22,A151,9,6,9.csv,3,K2,Abrassion on tip,NH4,Placebo,3
5,2020-09-22,A162,10,1,10.csv,3,K2,,NH4,Placebo,3
5,2020-09-22,A167,10,2,10.csv,3,K2,,NH4,Pathogen,3
5,2020-09-22,A175,10,3,10.csv,3,FM19,,NH4,Pathogen,3
5,2020-09-22,A190,10,4,10.csv,3,FM19,,NH4,Placebo,3
5,2020-09-22,A195,10,5,10.csv,3,FM19,,NH4,Pathogen,3
5,2020-09-22,201,10,6,10.csv,3,FM9,,NH4,Pathogen,3
5,2020-09-22,202,11,1,11.csv,3,FM9,,NH4,Pathogen,3
5,2020-09-22,215,11,2,11.csv,3,FM9,,NH4,Placebo,3
5,2020-09-22,232,11,3,11.csv,3,FM6,,NH4,Pathogen,3
5,2020-09-22,254,11,4,11.csv,3,FM6,,NH4,Placebo,3
5,2020-09-22,258,11,5,11.csv,3,FM6,,NH4,Placebo,3
5,2020-09-22,265,11,6,11.csv,3,FM14,,NH4,Pathogen,3
5,2020-09-22,269,12,1,12.csv,3,FM14,,NH4,Placebo,3
5,2020-09-22,293,12,2,12.csv,3,FM14,,NH4,Placebo,3
5,2020-09-22,A002,1,1,1.csv,4,Kelsey-1,,NH4,Pathogen,4
5,2020-09-22,A008,1,2,1.csv,4,Kelsey-1,,NH4,Placebo,4
5,2020-09-22,A027,1,3,1.csv,4,Cooper-9,,NH4,Pathogen,4
5,2020-09-22,A034,1,4,1.csv,4,Cooper-9,,NH4,Placebo,4
5,2020-09-22,A037,1,5,1.csv,4,Cooper-9,,NH4,Placebo,4
5,2020-09-22,A040,1,6,1.csv,4,Acerv2,,NH4,Pathogen,4
5,2020-09-22,A045,2,1,2.csv,4,Acerv2,,NH4,Placebo,4
5,2020-09-22,A046,2,2,2.csv,4,Acerv2,,NH4,Pathogen,4
5,2020-09-22,A068,2,3,2.csv,4,Elkhorn,,NH4,Placebo,4
5,2020-09-22,A071,2,4,2.csv,4,U44,,NH4,Placebo,4
5,2020-09-22,A076,2,5,2.csv,4,Elkhorn,,NH4,Pathogen,4
5,2020-09-22,A089,2,6,2.csv,4,Elkhorn,,NH4,Pathogen,4
5,2020-09-22,A102,3,1,3.csv,4,U44,,NH4,Pathogen,4
5,2020-09-22,A107,3,2,3.csv,4,U41,,NH4,Pathogen,4
5,2020-09-22,A118,3,3,3.csv,4,U41,,NH4,Pathogen,4
5,2020-09-22,A129,3,4,3.csv,4,U44,,NH4,Pathogen,4
5,2020-09-22,A153,3,5,3.csv,4,Kelsey-1,,NH4,Pathogen,4
5,2020-09-22,A155,3,6,3.csv,4,K2,,NH4,Placebo,4
5,2020-09-22,A163,4,1,4.csv,4,K2,,NH4,Pathogen,4
5,2020-09-22,A172,4,2,4.csv,4,K2,,NH4,Placebo,4
5,2020-09-22,A176,4,3,4.csv,4,FM19,,NH4,Pathogen,4
5,2020-09-22,A179,4,4,4.csv,4,FM19,,NH4,Pathogen,4
5,2020-09-22,A198,4,5,4.csv,4,FM19,,NH4,Placebo,4
5,2020-09-22,A199,5,1,5.csv,4,FM9,,NH4,Pathogen,4
5,2020-09-22,204,5,2,5.csv,4,FM9,,NH4,Placebo,4
5,2020-09-22,216,5,3,5.csv,4,FM9,,NH4,Pathogen,4
5,2020-09-22,235,5,4,5.csv,4,FM6,,NH4,Pathogen,4
5,2020-09-22,261,5,5,5.csv,4,FM6,,NH4,Placebo,4
5,2020-09-22,266,5,6,5.csv,4,FM6,,NH4,Placebo,4
5,2020-09-22,272,6,1,6.csv,4,FM14,,NH4,Placebo,4
5,2020-09-22,284,6,2,6.csv,4,FM14,,NH4,Placebo,4
5,2020-09-22,285,6,3,6.csv,4,FM14,,NH4,Pathogen,4
5,2020-09-22,A004,23,1,23.csv,5,Kelsey-1,,Ambient,Pathogen,5
5,2020-09-22,A015,23,2,23.csv,5,Kelsey-1,,Ambient,Placebo,5
5,2020-09-22,A017,23,3,23.csv,5,Cooper-9,,Ambient,Placebo,5
5,2020-09-22,A028,23,4,23.csv,5,Cooper-9,,Ambient,Placebo,5
5,2020-09-22,A049,23,5,23.csv,5,Acerv2,,Ambient,Pathogen,5
5,2020-09-22,A057,23,6,23.csv,5,Acerv2,,Ambient,Pathogen,5
5,2020-09-22,A062,24,1,24.csv,5,Acerv2,,Ambient,Placebo,5
5,2020-09-22,A066,24,2,24.csv,5,Elkhorn,,Ambient,Placebo,5
5,2020-09-22,A086,24,3,24.csv,5,Elkhorn,Abrassion on tip,Ambient,Pathogen,5
5,2020-09-22,A087,24,4,24.csv,5,Elkhorn,,Ambient,Pathogen,5
5,2020-09-22,A091,24,5,24.csv,5,U44,,Ambient,Placebo,5
5,2020-09-22,A095,24,6,24.csv,5,Kelsey-1,,Ambient,Pathogen,5
5,2020-09-22,A109,25,1,25.csv,5,U44,,Ambient,Placebo,5
5,2020-09-22,A115,25,2,25.csv,5,U41,,Ambient,Pathogen,5
5,2020-09-22,A121,25,3,25.csv,5,U44,,Ambient,Pathogen,5
5,2020-09-22,A154,25,4,25.csv,5,K2,,Ambient,Placebo,5
5,2020-09-22,A160,25,5,25.csv,5,K2,,Ambient,Placebo,5
5,2020-09-22,A166,25,6,25.csv,5,K2,,Ambient,Pathogen,5
5,2020-09-22,A180,26,1,26.csv,5,FM19,,Ambient,Pathogen,5
5,2020-09-22,A181,26,2,26.csv,5,FM19,,Ambient,Pathogen,5
5,2020-09-22,A189,26,3,26.csv,5,FM19,,Ambient,Placebo,5
5,2020-09-22,A200,26,4,26.csv,5,FM9,,Ambient,Pathogen,5
5,2020-09-22,227,26,5,26.csv,5,FM9,,Ambient,Placebo,5
5,2020-09-22,228,26,6,26.csv,5,FM9,,Ambient,Pathogen,5
5,2020-09-22,250,27,1,27.csv,5,FM6,,Ambient,Placebo,5
5,2020-09-22,252,27,2,27.csv,5,FM6,,Ambient,Placebo,5
5,2020-09-22,256,27,3,27.csv,5,FM6,,Ambient,Pathogen,5
5,2020-09-22,264,27,4,27.csv,5,FM14,,Ambient,Pathogen,5
5,2020-09-22,268,27,5,27.csv,5,FM14,,Ambient,Placebo,5
5,2020-09-22,276,27,6,27.csv,5,FM14,,Ambient,Placebo,5
5,2020-09-22,358,27,7,27.csv,5,FM19,,Ambient,Pathogen,5
5,2020-09-22,A003,28,1,28.csv,6,Kelsey-1,,Ambient,Pathogen,6
5,2020-09-22,A016,28,2,28.csv,6,Cooper-9,,Ambient,Pathogen,6
5,2020-09-22,A020,28,3,28.csv,6,Cooper-9,,Ambient,Placebo,6
5,2020-09-22,A032,28,4,28.csv,6,Cooper-9,,Ambient,Pathogen,6
5,2020-09-22,A044,28,5,28.csv,6,Acerv2,,Ambient,Pathogen,6
5,2020-09-22,A050,28,6,28.csv,6,Acerv2,,Ambient,Placebo,6
5,2020-09-22,A059,29,1,29.csv,6,Acerv2,,Ambient,Pathogen,6
5,2020-09-22,A082,29,2,29.csv,6,Elkhorn,,Ambient,Pathogen,6
5,2020-09-22,A090,29,3,29.csv,6,Elkhorn,,Ambient,Placebo,6
5,2020-09-22,A096,29,4,29.csv,6,Kelsey-1,,Ambient,Placebo,6
5,2020-09-22,A098,29,5,29.csv,6,Kelsey-1,,Ambient,Pathogen,6
5,2020-09-22,A112,29,6,29.csv,6,U41,,Ambient,Pathogen,6
5,2020-09-22,A122,30,1,30.csv,6,U44,,Ambient,Placebo,6
5,2020-09-22,A123,30,2,30.csv,6,U41,,Ambient,Pathogen,6
5,2020-09-22,A128,30,3,30.csv,6,U44,,Ambient,Placebo,6
5,2020-09-22,A132,30,4,30.csv,6,U44,,Ambient,Pathogen,6
5,2020-09-22,A145,30,5,30.csv,6,Elkhorn,Abrassion on tip,Ambient,Pathogen,6
5,2020-09-22,A173,30,6,30.csv,6,K2,,Ambient,Placebo,6
5,2020-09-22,A174,31,1,31.csv,6,K2,,Ambient,Pathogen,6
5,2020-09-22,A177,31,2,31.csv,6,FM19,,Ambient,Pathogen,6
5,2020-09-22,A178,31,3,31.csv,6,FM19,,Ambient,Placebo,6
5,2020-09-22,A194,31,4,31.csv,6,FM19,,Ambient,Pathogen,6
5,2020-09-22,217,31,5,31.csv,6,FM9,,Ambient,Pathogen,6
5,2020-09-22,221,31,6,31.csv,6,FM9,,Ambient,Placebo,6
5,2020-09-22,224,32,1,32.csv,6,FM9,,Ambient,Pathogen,6
5,2020-09-22,241,32,2,32.csv,6,FM6,,Ambient,Pathogen,6
5,2020-09-22,244,32,3,32.csv,6,FM6,,Ambient,Placebo,6
5,2020-09-22,251,32,4,32.csv,6,FM6,,Ambient,Placebo,6
5,2020-09-22,274,32,5,32.csv,6,FM14,,Ambient,Pathogen,6
5,2020-09-22,277,32,6,32.csv,6,FM14,,Ambient,Placebo,6
5,2020-09-22,288,33,1,33.csv,6,FM14,,Ambient,Placebo,6
5,2020-09-22,410,33,2,33.csv,6,K2,,Ambient,Placebo,6
5,2020-09-22,A001,34,1,34.csv,7,Kelsey-1,,NH4,Pathogen,7
5,2020-09-22,A007,34,2,34.csv,7,Kelsey-1,,NH4,Placebo,7
5,2020-09-22,A009,34,3,34.csv,7,Kelsey-1,,NH4,Placebo,7
5,2020-09-22,A019,34,4,34.csv,7,Cooper-9,,NH4,Placebo,7
5,2020-09-22,A022,34,5,34.csv,7,Cooper-9,,NH4,Pathogen,7
5,2020-09-22,A024,34,6,34.csv,7,Cooper-9,,NH4,Pathogen,7
5,2020-09-22,A048,35,1,35.csv,7,Acerv2,,NH4,Placebo,7
5,2020-09-22,A051,35,2,35.csv,7,Acerv2,,NH4,Placebo,7
5,2020-09-22,A061,35,3,35.csv,7,Acerv2,,NH4,Pathogen,7
5,2020-09-22,A067,35,4,35.csv,7,U44,,NH4,Pathogen,7
5,2020-09-22,A075,35,5,35.csv,7,Elkhorn,,NH4,Placebo,7
5,2020-09-22,A077,35,6,35.csv,7,Elkhorn,,NH4,Placebo,7
5,2020-09-22,A084,36,1,36.csv,7,Elkhorn,,NH4,Pathogen,7
5,2020-09-22,A105,36,2,36.csv,7,U44,,NH4,Placebo,7
5,2020-09-22,A116,36,3,36.csv,7,U41,,NH4,Pathogen,7
5,2020-09-22,A127,36,4,36.csv,7,U44,,NH4,Placebo,7
5,2020-09-22,A152,36,5,36.csv,7,K2,,NH4,Pathogen,7
5,2020-09-22,A158,36,6,36.csv,7,K2,,NH4,Pathogen,7
5,2020-09-22,A159,37,1,37.csv,7,K2,,NH4,Placebo,7
5,2020-09-22,A184,37,2,37.csv,7,FM19,,NH4,Pathogen,7
5,2020-09-22,A192,37,3,37.csv,7,FM19,,NH4,Placebo,7
5,2020-09-22,A196,37,4,37.csv,7,FM19,,NH4,Placebo,7
5,2020-09-22,205,37,5,37.csv,7,FM9,,NH4,Pathogen,7
5,2020-09-22,220,37,6,37.csv,7,FM9,,NH4,Placebo,7
5,2020-09-22,226,38,1,38.csv,7,FM9,,NH4,Placebo,7
5,2020-09-22,231,38,2,38.csv,7,FM6,,NH4,Placebo,7
5,2020-09-22,247,38,3,38.csv,7,FM6,,NH4,Pathogen,7
5,2020-09-22,253,38,4,38.csv,7,FM6,,NH4,Pathogen,7
5,2020-09-22,262,38,5,38.csv,7,FM14,,NH4,Placebo,7
5,2020-09-22,289,38,6,38.csv,7,FM14,,NH4,Pathogen,7
5,2020-09-22,291,38,7,38.csv,7,FM14,,NH4,Pathogen,7
5,2020-09-22,A010,40,1,40.csv,8,Kelsey-1,WAS IN T 7,NH4,Placebo,8
5,2020-09-22,A029,39,1,39.csv,8,Cooper-9,,NH4,Pathogen,8
5,2020-09-22,A038,39,2,39.csv,8,Cooper-9,,NH4,Pathogen,8
5,2020-09-22,A041,39,3,39.csv,8,Acerv2,,NH4,Pathogen,8
5,2020-09-22,A052,39,4,39.csv,8,Acerv2,,NH4,Placebo,8
5,2020-09-22,A060,39,5,39.csv,8,Acerv2,,NH4,Placebo,8
5,2020-09-22,A072,39,6,39.csv,8,Elkhorn,,NH4,Placebo,8
5,2020-09-22,A078,40,2,40.csv,8,Elkhorn,,NH4,Pathogen,8
5,2020-09-22,A083,40,3,40.csv,8,Elkhorn,,NH4,Placebo,8
5,2020-09-22,A097,40,4,40.csv,8,Kelsey-1,,NH4,Pathogen,8
5,2020-09-22,A101,40,5,40.csv,8,Kelsey-1,,NH4,Placebo,8
5,2020-09-22,A111,40,6,40.csv,8,U44,,NH4,Pathogen,8
5,2020-09-22,A114,41,1,41.csv,8,U41,,NH4,Pathogen,8
5,2020-09-22,A131,41,2,41.csv,8,U44,,NH4,Placebo,8
5,2020-09-22,A134,41,3,41.csv,8,U44,,NH4,Placebo,8
5,2020-09-22,A157,41,4,41.csv,8,K2,,NH4,Pathogen,8
5,2020-09-22,A161,41,5,41.csv,8,K2,,NH4,Pathogen,8
5,2020-09-22,A165,41,6,41.csv,8,K2,,NH4,Placebo,8
5,2020-09-22,A183,42,1,42.csv,8,FM19,,NH4,Pathogen,8
5,2020-09-22,A185,42,2,42.csv,8,FM19,,NH4,Placebo,8
5,2020-09-22,A188,42,3,42.csv,8,FM19,,NH4,Placebo,8
5,2020-09-22,211,42,4,42.csv,8,FM9,,NH4,Placebo,8
5,2020-09-22,214,42,5,42.csv,8,FM9,,NH4,Placebo,8
5,2020-09-22,222,42,6,42.csv,8,FM9,,NH4,Pathogen,8
5,2020-09-22,237,43,1,43.csv,8,FM6,,NH4,Pathogen,8
5,2020-09-22,238,43,2,43.csv,8,FM6,,NH4,Pathogen,8
5,2020-09-22,239,43,3,43.csv,8,FM6,,NH4,Placebo,8
5,2020-09-22,270,43,4,43.csv,8,FM14,,NH4,Pathogen,8
5,2020-09-22,282,43,5,43.csv,8,FM14,,NH4,Placebo,8
5,2020-09-22,296,43,6,43.csv,8,FM14,,NH4,Pathogen,8
6,2020-09-25,A005,22,1,22.csv,1,Kelsey-1,,Ambient,Pathogen,1
6,2020-09-25,A012,22,2,22.csv,1,Kelsey-1,,Ambient,Placebo,1
6,2020-09-25,A030,22,3,22.csv,1,Cooper-9,,Ambient,Pathogen,1
6,2020-09-25,A031,22,4,22.csv,1,Cooper-9,,Ambient,Pathogen,1
6,2020-09-25,A033,22,5,22.csv,1,Cooper-9,,Ambient,Placebo,1
6,2020-09-25,A047,22,6,22.csv,1,Acerv2,,Ambient,Placebo,1
6,2020-09-25,A053,23,1,23.csv,1,Acerv2,,Ambient,Pathogen,1
6,2020-09-25,A055,23,2,23.csv,1,Acerv2,,Ambient,Placebo,1
6,2020-09-25,A069,23,3,23.csv,1,Elkhorn,,Ambient,Placebo,1
6,2020-09-25,A088,23,4,23.csv,1,Elkhorn,,Ambient,Placebo,1
6,2020-09-25,A103,23,5,23.csv,1,Kelsey-1,,Ambient,Placebo,1
6,2020-09-25,A104,23,6,23.csv,1,U44,,Ambient,Pathogen,1
6,2020-09-25,A110,24,1,24.csv,1,U41,,Ambient,Pathogen,1
6,2020-09-25,A113,24,2,24.csv,1,U44,,Ambient,Pathogen,1
6,2020-09-25,A120,24,3,24.csv,1,U44,,Ambient,Placebo,1
6,2020-09-25,A164,24,4,24.csv,1,K2,,Ambient,Pathogen,1
6,2020-09-25,A170,24,5,24.csv,1,K2,,Ambient,Pathogen,1
6,2020-09-25,A182,24,6,24.csv,1,FM19,,Ambient,Pathogen,1
6,2020-09-25,A186,25,1,25.csv,1,FM19,,Ambient,Placebo,1
6,2020-09-25,A191,25,2,25.csv,1,FM19,,Ambient,Placebo,1
6,2020-09-25,208,25,3,25.csv,1,FM9,,Ambient,Placebo,1
6,2020-09-25,218,25,4,25.csv,1,FM9,,Ambient,Placebo,1
6,2020-09-25,230,25,5,25.csv,1,FM6,,Ambient,Pathogen,1
6,2020-09-25,243,25,6,25.csv,1,FM6,,Ambient,Pathogen,1
6,2020-09-25,245,26,1,26.csv,1,FM6,,Ambient,Placebo,1
6,2020-09-25,279,26,2,26.csv,1,FM14,,Ambient,Placebo,1
6,2020-09-25,281,26,3,26.csv,1,FM14,,Ambient,Pathogen,1
6,2020-09-25,283,26,4,26.csv,1,FM14,,Ambient,Pathogen,1
6,2020-09-25,334,26,5,26.csv,1,FM9,,Ambient,Pathogen,1
6,2020-09-25,471,26,6,26.csv,1,Elkhorn,,Ambient,Pathogen,1
6,2020-09-25,A006,27,1,27.csv,2,U44,,Ambient,Placebo,2
6,2020-09-25,A013,27,2,27.csv,2,Kelsey-1,,Ambient,Placebo,2
6,2020-09-25,A023,27,3,27.csv,2,Cooper-9,,Ambient,Pathogen,2
6,2020-09-25,A025,27,4,27.csv,2,Cooper-9,,Ambient,Pathogen,2
6,2020-09-25,A035,27,5,27.csv,2,Cooper-9,,Ambient,Placebo,2
6,2020-09-25,A042,27,6,27.csv,2,Acerv2,,Ambient,Placebo,2
6,2020-09-25,A043,28,1,28.csv,2,Acerv2,,Ambient,Placebo,2
6,2020-09-25,A065,28,2,28.csv,2,Elkhorn,,Ambient,Placebo,2
6,2020-09-25,A079,28,3,28.csv,2,Elkhorn,,Ambient,Placebo,2
6,2020-09-25,A080,28,4,28.csv,2,Elkhorn,,Ambient,Pathogen,2
6,2020-09-25,A085,28,5,28.csv,2,U44,,Ambient,Pathogen,2
6,2020-09-25,A093,28,6,28.csv,2,Kelsey-1,,Ambient,Pathogen,2
6,2020-09-25,A099,29,1,29.csv,2,Kelsey-1,,Ambient,Placebo,2
6,2020-09-25,A124,29,2,29.csv,2,U41,,Ambient,Pathogen,2
6,2020-09-25,A133,29,3,29.csv,2,U44,,Ambient,Pathogen,2
6,2020-09-25,A156,29,4,29.csv,2,K2,,Ambient,Pathogen,2
6,2020-09-25,A168,29,5,29.csv,2,K2,,Ambient,Pathogen,2
6,2020-09-25,A171,29,6,29.csv,2,K2,,Ambient,Placebo,2
6,2020-09-25,A187,30,1,30.csv,2,FM19,,Ambient,Pathogen,2
6,2020-09-25,A193,30,2,30.csv,2,FM19,,Ambient,Placebo,2
6,2020-09-25,A197,30,3,30.csv,2,FM19,,Ambient,Placebo,2
6,2020-09-25,207,30,4,30.csv,2,FM9,,Ambient,Placebo,2
6,2020-09-25,209,30,5,30.csv,2,FM9,,Ambient,Placebo,2
6,2020-09-25,225,30,6,30.csv,2,FM9,,Ambient,Pathogen,2
6,2020-09-25,234,31,1,31.csv,2,FM6,,Ambient,Pathogen,2
6,2020-09-25,242,31,2,31.csv,2,FM6,,Ambient,Pathogen,2
6,2020-09-25,260,31,3,31.csv,2,FM6,,Ambient,Placebo,2
6,2020-09-25,263,31,4,31.csv,2,FM14,,Ambient,Placebo,2
6,2020-09-25,273,31,5,31.csv,2,FM14,,Ambient,Pathogen,2
6,2020-09-25,275,31,6,31.csv,2,FM14,,Ambient,Pathogen,2
6,2020-09-25,469,31,7,31.csv,2,Acerv2,,Ambient,Pathogen,2
6,2020-09-25,A011,32,1,32.csv,3,U44,,NH4,Pathogen,3
6,2020-09-25,A014,32,2,32.csv,3,Kelsey-1,,NH4,Placebo,3
6,2020-09-25,A018,32,3,32.csv,3,Cooper-9,,NH4,Placebo,3
6,2020-09-25,A021,32,4,32.csv,3,Cooper-9,,NH4,Pathogen,3
6,2020-09-25,A036,32,5,32.csv,3,Cooper-9,,NH4,Placebo,3
6,2020-09-25,A039,32,6,32.csv,3,Acerv2,,NH4,Pathogen,3
6,2020-09-25,A056,33,1,33.csv,3,Acerv2,,NH4,Placebo,3
6,2020-09-25,A058,33,2,33.csv,3,Acerv2,,NH4,Pathogen,3
6,2020-09-25,A064,33,3,33.csv,3,Elkhorn,,NH4,Pathogen,3
6,2020-09-25,A070,33,4,33.csv,3,Elkhorn,,NH4,Placebo,3
6,2020-09-25,A092,33,5,33.csv,3,Elkhorn,,NH4,Pathogen,3
6,2020-09-25,A094,33,6,33.csv,3,Kelsey-1,,NH4,Pathogen,3
6,2020-09-25,A100,34,1,34.csv,3,Kelsey-1,,NH4,Pathogen,3
6,2020-09-25,A106,34,2,34.csv,3,U44,,NH4,Placebo,3
6,2020-09-25,A119,34,3,34.csv,3,U41,,NH4,Pathogen,3
6,2020-09-25,A125,34,4,34.csv,3,U41,,NH4,Pathogen,3
6,2020-09-25,A130,34,5,34.csv,3,U44,,NH4,Pathogen,3
6,2020-09-25,A162,34,6,34.csv,3,K2,,NH4,Placebo,3
6,2020-09-25,A167,35,1,35.csv,3,K2,,NH4,Pathogen,3
6,2020-09-25,A175,35,2,35.csv,3,FM19,,NH4,Pathogen,3
6,2020-09-25,A190,35,3,35.csv,3,FM19,,NH4,Placebo,3
6,2020-09-25,A195,35,4,35.csv,3,FM19,,NH4,Pathogen,3
6,2020-09-25,201,35,5,35.csv,3,FM9,,NH4,Pathogen,3
6,2020-09-25,202,35,6,35.csv,3,FM9,,NH4,Pathogen,3
6,2020-09-25,215,36,1,36.csv,3,FM9,,NH4,Placebo,3
6,2020-09-25,232,36,2,36.csv,3,FM6,,NH4,Pathogen,3
6,2020-09-25,254,36,3,36.csv,3,FM6,,NH4,Placebo,3
6,2020-09-25,258,36,4,36.csv,3,FM6,,NH4,Placebo,3
6,2020-09-25,265,36,5,36.csv,3,FM14,,NH4,Pathogen,3
6,2020-09-25,269,37,1,37.csv,3,FM14,,NH4,Placebo,3
6,2020-09-25,293,37,2,37.csv,3,FM14,,NH4,Placebo,3
6,2020-09-25,A002,38,1,38.csv,4,Kelsey-1,,NH4,Pathogen,4
6,2020-09-25,A008,38,2,38.csv,4,Kelsey-1,,NH4,Placebo,4
6,2020-09-25,A027,38,3,38.csv,4,Cooper-9,,NH4,Pathogen,4
6,2020-09-25,A034,38,4,38.csv,4,Cooper-9,,NH4,Placebo,4
6,2020-09-25,A037,38,5,38.csv,4,Cooper-9,,NH4,Placebo,4
6,2020-09-25,A040,38,6,38.csv,4,Acerv2,,NH4,Pathogen,4
6,2020-09-25,A045,39,1,39.csv,4,Acerv2,,NH4,Placebo,4
6,2020-09-25,A046,39,2,39.csv,4,Acerv2,,NH4,Pathogen,4
6,2020-09-25,A068,39,3,39.csv,4,Elkhorn,,NH4,Placebo,4
6,2020-09-25,A071,39,4,39.csv,4,U44,,NH4,Placebo,4
6,2020-09-25,A076,39,5,39.csv,4,Elkhorn,,NH4,Pathogen,4
6,2020-09-25,A089,39,6,39.csv,4,Elkhorn,,NH4,Pathogen,4
6,2020-09-25,A102,40,1,40.csv,4,U44,,NH4,Pathogen,4
6,2020-09-25,A107,40,2,40.csv,4,U41,,NH4,Pathogen,4
6,2020-09-25,A118,40,3,40.csv,4,U41,,NH4,Pathogen,4
6,2020-09-25,A129,40,4,40.csv,4,U44,,NH4,Pathogen,4
6,2020-09-25,A153,40,5,40.csv,4,Kelsey-1,,NH4,Pathogen,4
6,2020-09-25,A155,40,6,40.csv,4,K2,,NH4,Placebo,4
6,2020-09-25,A163,41,1,41.csv,4,K2,,NH4,Pathogen,4
6,2020-09-25,A172,41,2,41.csv,4,K2,,NH4,Placebo,4
6,2020-09-25,A176,41,3,41.csv,4,FM19,,NH4,Pathogen,4
6,2020-09-25,A179,41,4,41.csv,4,FM19,,NH4,Pathogen,4
6,2020-09-25,A198,41,5,41.csv,4,FM19,,NH4,Placebo,4
6,2020-09-25,A199,41,6,41.csv,4,FM9,,NH4,Pathogen,4
6,2020-09-25,204,42,1,42.csv,4,FM9,,NH4,Placebo,4
6,2020-09-25,216,42,2,42.csv,4,FM9,,NH4,Pathogen,4
6,2020-09-25,235,42,3,42.csv,4,FM6,,NH4,Pathogen,4
6,2020-09-25,261,42,4,42.csv,4,FM6,,NH4,Placebo,4
6,2020-09-25,266,43,1,43.csv,4,FM6,,NH4,Placebo,4
6,2020-09-25,272,43,2,43.csv,4,FM14,,NH4,Placebo,4
6,2020-09-25,284,43,3,43.csv,4,FM14,,NH4,Placebo,4
6,2020-09-25,285,43,4,43.csv,4,FM14,,NH4,Pathogen,4
6,2020-09-25,A004,1,1,1.csv,5,Kelsey-1,,Ambient,Pathogen,5
6,2020-09-25,A015,1,2,1.csv,5,Kelsey-1,,Ambient,Placebo,5
6,2020-09-25,A017,1,3,1.csv,5,Cooper-9,,Ambient,Placebo,5
6,2020-09-25,A028,1,4,1.csv,5,Cooper-9,,Ambient,Placebo,5
6,2020-09-25,A049,1,5,1.csv,5,Acerv2,,Ambient,Pathogen,5
6,2020-09-25,A057,1,6,1.csv,5,Acerv2,,Ambient,Pathogen,5
6,2020-09-25,A062,2,1,2.csv,5,Acerv2,,Ambient,Placebo,5
6,2020-09-25,A066,2,2,2.csv,5,Elkhorn,,Ambient,Placebo,5
6,2020-09-25,A086,2,3,2.csv,5,Elkhorn,TL,Ambient,Pathogen,5
6,2020-09-25,A087,2,4,2.csv,5,Elkhorn,,Ambient,Pathogen,5
6,2020-09-25,A091,2,5,2.csv,5,U44,,Ambient,Placebo,5
6,2020-09-25,A095,2,6,2.csv,5,Kelsey-1,,Ambient,Pathogen,5
6,2020-09-25,A109,3,1,3.csv,5,U44,,Ambient,Placebo,5
6,2020-09-25,A115,3,2,3.csv,5,U41,,Ambient,Pathogen,5
6,2020-09-25,A121,3,3,3.csv,5,U44,,Ambient,Pathogen,5
6,2020-09-25,A154,3,4,3.csv,5,K2,,Ambient,Placebo,5
6,2020-09-25,A160,3,5,3.csv,5,K2,,Ambient,Placebo,5
6,2020-09-25,A166,3,6,3.csv,5,K2,,Ambient,Pathogen,5
6,2020-09-25,A180,4,1,4.csv,5,FM19,,Ambient,Pathogen,5
6,2020-09-25,A181,4,2,4.csv,5,FM19,,Ambient,Pathogen,5
6,2020-09-25,A189,4,3,4.csv,5,FM19,,Ambient,Placebo,5
6,2020-09-25,A200,4,4,4.csv,5,FM9,,Ambient,Pathogen,5
6,2020-09-25,227,4,5,4.csv,5,FM9,,Ambient,Placebo,5
6,2020-09-25,228,4,6,4.csv,5,FM9,,Ambient,Pathogen,5
6,2020-09-25,250,5,1,5.csv,5,FM6,,Ambient,Placebo,5
6,2020-09-25,252,5,2,5.csv,5,FM6,,Ambient,Placebo,5
6,2020-09-25,256,5,3,5.csv,5,FM6,,Ambient,Pathogen,5
6,2020-09-25,264,5,4,5.csv,5,FM14,,Ambient,Pathogen,5
6,2020-09-25,268,5,5,5.csv,5,FM14,,Ambient,Placebo,5
6,2020-09-25,276,5,6,5.csv,5,FM14,,Ambient,Placebo,5
6,2020-09-25,358,5,7,5.csv,5,FM19,,Ambient,Pathogen,5
6,2020-09-25,A003,6,1,6.csv,6,Kelsey-1,,Ambient,Pathogen,6
6,2020-09-25,A016,6,2,6.csv,6,Cooper-9,,Ambient,Pathogen,6
6,2020-09-25,A020,6,3,6.csv,6,Cooper-9,,Ambient,Placebo,6
6,2020-09-25,A032,6,4,6.csv,6,Cooper-9,,Ambient,Pathogen,6
6,2020-09-25,A044,6,5,6.csv,6,Acerv2,,Ambient,Pathogen,6
6,2020-09-25,A050,6,6,6.csv,6,Acerv2,,Ambient,Placebo,6
6,2020-09-25,A059,7,1,7.csv,6,Acerv2,,Ambient,Pathogen,6
6,2020-09-25,A082,7,2,7.csv,6,Elkhorn,,Ambient,Pathogen,6
6,2020-09-25,A090,7,3,7.csv,6,Elkhorn,,Ambient,Placebo,6
6,2020-09-25,A096,7,4,7.csv,6,Kelsey-1,,Ambient,Placebo,6
6,2020-09-25,A098,7,5,7.csv,6,Kelsey-1,,Ambient,Pathogen,6
6,2020-09-25,A112,7,6,7.csv,6,U41,,Ambient,Pathogen,6
6,2020-09-25,A122,8,1,8.csv,6,U44,,Ambient,Placebo,6
6,2020-09-25,A123,8,2,8.csv,6,U41,,Ambient,Pathogen,6
6,2020-09-25,A128,8,3,8.csv,6,U44,,Ambient,Placebo,6
6,2020-09-25,A132,8,4,8.csv,6,U44,,Ambient,Pathogen,6
6,2020-09-25,A173,8,5,8.csv,6,K2,,Ambient,Placebo,6
6,2020-09-25,A174,8,6,8.csv,6,K2,,Ambient,Pathogen,6
6,2020-09-25,A177,9,1,9.csv,6,FM19,,Ambient,Pathogen,6
6,2020-09-25,A178,9,2,9.csv,6,FM19,,Ambient,Placebo,6
6,2020-09-25,A194,9,3,9.csv,6,FM19,,Ambient,Pathogen,6
6,2020-09-25,217,9,4,9.csv,6,FM9,,Ambient,Pathogen,6
6,2020-09-25,221,9,5,9.csv,6,FM9,,Ambient,Placebo,6
6,2020-09-25,224,9,6,9.csv,6,FM9,,Ambient,Pathogen,6
6,2020-09-25,241,10,1,10.csv,6,FM6,,Ambient,Pathogen,6
6,2020-09-25,244,10,2,10.csv,6,FM6,,Ambient,Placebo,6
6,2020-09-25,251,10,3,10.csv,6,FM6,,Ambient,Placebo,6
6,2020-09-25,274,10,4,10.csv,6,FM14,,Ambient,Pathogen,6
6,2020-09-25,277,11,1,11.csv,6,FM14,,Ambient,Placebo,6
6,2020-09-25,288,11,2,11.csv,6,FM14,,Ambient,Placebo,6
6,2020-09-25,410,11,3,11.csv,6,K2,,Ambient,Placebo,6
6,2020-09-25,A001,12,1,12.csv,7,Kelsey-1,,NH4,Pathogen,7
6,2020-09-25,A007,12,2,12.csv,7,Kelsey-1,,NH4,Placebo,7
6,2020-09-25,A009,12,3,12.csv,7,Kelsey-1,,NH4,Placebo,7
6,2020-09-25,A019,12,4,12.csv,7,Cooper-9,,NH4,Placebo,7
6,2020-09-25,A022,12,5,12.csv,7,Cooper-9,,NH4,Pathogen,7
6,2020-09-25,A024,12,6,12.csv,7,Cooper-9,,NH4,Pathogen,7
6,2020-09-25,A048,13,1,13.csv,7,Acerv2,,NH4,Placebo,7
6,2020-09-25,A051,13,2,13.csv,7,Acerv2,,NH4,Placebo,7
6,2020-09-25,A061,13,3,13.csv,7,Acerv2,,NH4,Pathogen,7
6,2020-09-25,A067,13,4,13.csv,7,U44,,NH4,Pathogen,7
6,2020-09-25,A075,13,5,13.csv,7,Elkhorn,,NH4,Placebo,7
6,2020-09-25,A077,13,6,13.csv,7,Elkhorn,,NH4,Placebo,7
6,2020-09-25,A084,14,1,14.csv,7,Elkhorn,,NH4,Pathogen,7
6,2020-09-25,A105,14,2,14.csv,7,U44,,NH4,Placebo,7
6,2020-09-25,A116,14,3,14.csv,7,U41,,NH4,Pathogen,7
6,2020-09-25,A127,14,4,14.csv,7,U44,,NH4,Placebo,7
6,2020-09-25,A152,14,5,14.csv,7,K2,,NH4,Pathogen,7
6,2020-09-25,A158,14,6,14.csv,7,K2,,NH4,Pathogen,7
6,2020-09-25,A159,15,1,15.csv,7,K2,,NH4,Placebo,7
6,2020-09-25,A184,15,2,15.csv,7,FM19,,NH4,Pathogen,7
6,2020-09-25,A192,15,3,15.csv,7,FM19,,NH4,Placebo,7
6,2020-09-25,A196,15,4,15.csv,7,FM19,,NH4,Placebo,7
6,2020-09-25,205,15,5,15.csv,7,FM9,,NH4,Pathogen,7
6,2020-09-25,220,15,6,15.csv,7,FM9,,NH4,Placebo,7
6,2020-09-25,226,16,1,16.csv,7,FM9,,NH4,Placebo,7
6,2020-09-25,231,16,2,16.csv,7,FM6,,NH4,Placebo,7
6,2020-09-25,247,16,3,16.csv,7,FM6,,NH4,Pathogen,7
6,2020-09-25,253,16,4,16.csv,7,FM6,,NH4,Pathogen,7
6,2020-09-25,262,16,5,16.csv,7,FM14,,NH4,Placebo,7
6,2020-09-25,289,16,6,16.csv,7,FM14,,NH4,Pathogen,7
6,2020-09-25,291,16,7,16.csv,7,FM14,,NH4,Pathogen,7
6,2020-09-25,A010,17,1,17.csv,8,Kelsey-1,,NH4,Placebo,8
6,2020-09-25,A029,17,2,17.csv,8,Cooper-9,,NH4,Pathogen,8
6,2020-09-25,A038,17,3,17.csv,8,Cooper-9,,NH4,Pathogen,8
6,2020-09-25,A041,17,4,17.csv,8,Acerv2,,NH4,Pathogen,8
6,2020-09-25,A052,17,5,17.csv,8,Acerv2,,NH4,Placebo,8
6,2020-09-25,A060,17,6,17.csv,8,Acerv2,,18.csv,Placebo,8
6,2020-09-25,A072,18,1,18.csv,8,Elkhorn,,NH4,Placebo,8
6,2020-09-25,A078,18,2,18.csv,8,Elkhorn,,NH4,Pathogen,8
6,2020-09-25,A083,18,3,18.csv,8,Elkhorn,,NH4,Placebo,8
6,2020-09-25,A097,18,4,18.csv,8,Kelsey-1,,NH4,Pathogen,8
6,2020-09-25,A101,18,5,18.csv,8,Kelsey-1,,NH4,Placebo,8
6,2020-09-25,A111,18,6,18.csv,8,U44,,NH4,Pathogen,8
6,2020-09-25,A114,19,1,19.csv,8,U41,,NH4,Pathogen,8
6,2020-09-25,A131,19,2,19.csv,8,U44,,NH4,Placebo,8
6,2020-09-25,A134,19,3,19.csv,8,U44,,NH4,Placebo,8
6,2020-09-25,A157,19,4,19.csv,8,K2,,NH4,Pathogen,8
6,2020-09-25,A161,19,5,19.csv,8,K2,,NH4,Pathogen,8
6,2020-09-25,A165,19,6,19.csv,8,K2,,NH4,Placebo,8
6,2020-09-25,A183,20,1,20.csv,8,FM19,,NH4,Pathogen,8
6,2020-09-25,A185,20,2,20.csv,8,FM19,,NH4,Placebo,8
6,2020-09-25,A188,20,3,20.csv,8,FM19,,NH4,Placebo,8
6,2020-09-25,211,20,4,20.csv,8,FM9,,NH4,Placebo,8
6,2020-09-25,214,20,5,20.csv,8,FM9,,NH4,Placebo,8
6,2020-09-25,222,20,6,20.csv,8,FM9,,NH4,Pathogen,8
6,2020-09-25,237,21,1,21.csv,8,FM6,,NH4,Pathogen,8
6,2020-09-25,238,21,2,21.csv,8,FM6,,NH4,Pathogen,8
6,2020-09-25,239,21,3,21.csv,8,FM6,,NH4,Placebo,8
6,2020-09-25,270,21,4,21.csv,8,FM14,,NH4,Pathogen,8
6,2020-09-25,282,21,5,21.csv,8,FM14,,NH4,Placebo,8
6,2020-09-25,296,21,6,21.csv,8,FM14,,NH4,Pathogen,8
7,2020-10-02,A005,21,1,21.csv,1,Kelsey-1,,Ambient,Pathogen,1
7,2020-10-02,A012,21,2,21.csv,1,Kelsey-1,,Ambient,Placebo,1
7,2020-10-02,A030,21,3,21.csv,1,Cooper-9,,Ambient,Pathogen,1
7,2020-10-02,A031,21,4,21.csv,1,Cooper-9,,Ambient,Pathogen,1
7,2020-10-02,A033,21,5,21.csv,1,Cooper-9,,Ambient,Placebo,1
7,2020-10-02,A047,21,6,21.csv,1,Acerv2,,Ambient,Placebo,1
7,2020-10-02,A053,22,1,22.csv,1,Acerv2,,Ambient,Pathogen,1
7,2020-10-02,A055,22,2,22.csv,1,Acerv2,,Ambient,Placebo,1
7,2020-10-02,A069,22,3,22.csv,1,Elkhorn,,Ambient,Placebo,1
7,2020-10-02,A088,22,4,22.csv,1,Elkhorn,,Ambient,Placebo,1
7,2020-10-02,A103,22,5,22.csv,1,Kelsey-1,,Ambient,Placebo,1
7,2020-10-02,A104,22,6,22.csv,1,U44,,Ambient,Pathogen,1
7,2020-10-02,A110,23,1,23.csv,1,U41,,Ambient,Pathogen,1
7,2020-10-02,A113,23,2,23.csv,1,U44,,Ambient,Pathogen,1
7,2020-10-02,A120,23,3,23.csv,1,U44,,Ambient,Placebo,1
7,2020-10-02,A164,23,4,23.csv,1,K2,,Ambient,Pathogen,1
7,2020-10-02,A170,23,5,23.csv,1,K2,,Ambient,Pathogen,1
7,2020-10-02,A182,23,6,23.csv,1,FM19,,Ambient,Pathogen,1
7,2020-10-02,A186,24,1,24.csv,1,FM19,,Ambient,Placebo,1
7,2020-10-02,A191,24,2,24.csv,1,FM19,,Ambient,Placebo,1
7,2020-10-02,208,24,3,24.csv,1,FM9,,Ambient,Placebo,1
7,2020-10-02,218,24,4,24.csv,1,FM9,,Ambient,Placebo,1
7,2020-10-02,230,24,5,24.csv,1,FM6,,Ambient,Pathogen,1
7,2020-10-02,243,24,6,24.csv,1,FM6,,Ambient,Pathogen,1
7,2020-10-02,245,25,1,25.csv,1,FM6,,Ambient,Placebo,1
7,2020-10-02,279,25,2,25.csv,1,FM14,,Ambient,Placebo,1
7,2020-10-02,281,25,3,25.csv,1,FM14,,Ambient,Pathogen,1
7,2020-10-02,283,25,4,25.csv,1,FM14,,Ambient,Pathogen,1
7,2020-10-02,334,25,5,25.csv,1,FM9,,Ambient,Pathogen,1
7,2020-10-02,471,25,6,25.csv,1,Elkhorn,,Ambient,Pathogen,1
7,2020-10-02,A006,26,1,26.csv,2,U44,,Ambient,Placebo,2
7,2020-10-02,A013,26,2,26.csv,2,Kelsey-1,,Ambient,Placebo,2
7,2020-10-02,A023,26,3,26.csv,2,Cooper-9,,Ambient,Pathogen,2
7,2020-10-02,A025,26,4,26.csv,2,Cooper-9,,Ambient,Pathogen,2
7,2020-10-02,A035,26,5,26.csv,2,Cooper-9,,Ambient,Placebo,2
7,2020-10-02,A042,26,6,26.csv,2,Acerv2,,Ambient,Placebo,2
7,2020-10-02,A043,27,1,27.csv,2,Acerv2,,Ambient,Placebo,2
7,2020-10-02,A065,27,2,27.csv,2,Elkhorn,,Ambient,Placebo,2
7,2020-10-02,A079,27,3,27.csv,2,Elkhorn,,Ambient,Placebo,2
7,2020-10-02,A080,27,4,27.csv,2,Elkhorn,,Ambient,Pathogen,2
7,2020-10-02,A085,27,5,27.csv,2,U44,,Ambient,Pathogen,2
7,2020-10-02,A093,27,6,27.csv,2,Kelsey-1,,Ambient,Pathogen,2
7,2020-10-02,A099,28,1,28.csv,2,Kelsey-1,,Ambient,Placebo,2
7,2020-10-02,A124,28,2,28.csv,2,U41,,Ambient,Pathogen,2
7,2020-10-02,A133,28,3,28.csv,2,U44,,Ambient,Pathogen,2
7,2020-10-02,A156,28,4,28.csv,2,K2,,Ambient,Pathogen,2
7,2020-10-02,A168,28,5,28.csv,2,K2,,Ambient,Pathogen,2
7,2020-10-02,A171,28,6,28.csv,2,K2,,Ambient,Placebo,2
7,2020-10-02,A187,29,1,29.csv,2,FM19,,Ambient,Pathogen,2
7,2020-10-02,A193,29,2,29.csv,2,FM19,,Ambient,Placebo,2
7,2020-10-02,A197,29,3,29.csv,2,FM19,,Ambient,Placebo,2
7,2020-10-02,207,29,4,29.csv,2,FM9,,Ambient,Placebo,2
7,2020-10-02,209,29,5,29.csv,2,FM9,,Ambient,Placebo,2
7,2020-10-02,225,29,6,29.csv,2,FM9,,Ambient,Pathogen,2
7,2020-10-02,234,30,1,30.csv,2,FM6,,Ambient,Pathogen,2
7,2020-10-02,242,30,2,30.csv,2,FM6,,Ambient,Pathogen,2
7,2020-10-02,260,30,3,30.csv,2,FM6,,Ambient,Placebo,2
7,2020-10-02,263,30,4,30.csv,2,FM14,,Ambient,Placebo,2
7,2020-10-02,273,30,5,30.csv,2,FM14,,Ambient,Pathogen,2
7,2020-10-02,275,30,6,30.csv,2,FM14,,Ambient,Pathogen,2
7,2020-10-02,469,30,7,30.csv,2,Acerv2,,Ambient,Pathogen,2
7,2020-10-02,A011,31,1,31.csv,3,U44,,NH4,Pathogen,3
7,2020-10-02,A014,31,2,31.csv,3,Kelsey-1,,NH4,Placebo,3
7,2020-10-02,A018,31,3,31.csv,3,Cooper-9,,NH4,Placebo,3
7,2020-10-02,A021,31,4,31.csv,3,Cooper-9,,NH4,Pathogen,3
7,2020-10-02,A036,31,5,31.csv,3,Cooper-9,,NH4,Placebo,3
7,2020-10-02,A039,31,6,31.csv,3,Acerv2,,NH4,Pathogen,3
7,2020-10-02,A056,32,1,32.csv,3,Acerv2,,NH4,Placebo,3
7,2020-10-02,A058,32,2,32.csv,3,Acerv2,,NH4,Pathogen,3
7,2020-10-02,A064,32,3,32.csv,3,Elkhorn,,NH4,Pathogen,3
7,2020-10-02,A070,32,4,32.csv,3,Elkhorn,,NH4,Placebo,3
7,2020-10-02,A092,32,5,32.csv,3,Elkhorn,,NH4,Pathogen,3
7,2020-10-02,A094,32,6,32.csv,3,Kelsey-1,,NH4,Pathogen,3
7,2020-10-02,A100,33,1,33.csv,3,Kelsey-1,,NH4,Pathogen,3
7,2020-10-02,A106,33,2,33.csv,3,U44,,NH4,Placebo,3
7,2020-10-02,A119,33,3,33.csv,3,U41,,NH4,Pathogen,3
7,2020-10-02,A125,33,4,33.csv,3,U41,,NH4,Pathogen,3
7,2020-10-02,A130,33,5,33.csv,3,U44,,NH4,Pathogen,3
7,2020-10-02,A162,33,6,33.csv,3,K2,,NH4,Placebo,3
7,2020-10-02,A167,34,1,34.csv,3,K2,,NH4,Pathogen,3
7,2020-10-02,A175,34,2,34.csv,3,FM19,,NH4,Pathogen,3
7,2020-10-02,A190,34,3,34.csv,3,FM19,,NH4,Placebo,3
7,2020-10-02,A195,34,4,34.csv,3,FM19,,NH4,Pathogen,3
7,2020-10-02,201,34,5,34.csv,3,FM9,,NH4,Pathogen,3
7,2020-10-02,202,34,6,34.csv,3,FM9,,NH4,Pathogen,3
7,2020-10-02,215,35,1,35.csv,3,FM9,,NH4,Placebo,3
7,2020-10-02,232,35,2,35.csv,3,FM6,,NH4,Pathogen,3
7,2020-10-02,254,35,3,35.csv,3,FM6,,NH4,Placebo,3
7,2020-10-02,258,35,4,35.csv,3,FM6,,NH4,Placebo,3
7,2020-10-02,265,35,5,35.csv,3,FM14,,NH4,Pathogen,3
7,2020-10-02,269,35,6,35.csv,3,FM14,,NH4,Placebo,3
7,2020-10-02,293,35,7,35.csv,3,FM14,,NH4,Placebo,3
7,2020-10-02,A002,36,1,36.csv,4,Kelsey-1,,NH4,Pathogen,4
7,2020-10-02,A008,36,2,36.csv,4,Kelsey-1,,NH4,Placebo,4
7,2020-10-02,A027,36,3,36.csv,4,Cooper-9,,NH4,Pathogen,4
7,2020-10-02,A034,36,4,36.csv,4,Cooper-9,,NH4,Placebo,4
7,2020-10-02,A037,36,5,36.csv,4,Cooper-9,,NH4,Placebo,4
7,2020-10-02,A040,36,6,36.csv,4,Acerv2,,NH4,Pathogen,4
7,2020-10-02,A045,37,1,37.csv,4,Acerv2,,NH4,Placebo,4
7,2020-10-02,A046,37,2,37.csv,4,Acerv2,,NH4,Pathogen,4
7,2020-10-02,A068,37,3,37.csv,4,Elkhorn,,NH4,Placebo,4
7,2020-10-02,A071,37,4,37.csv,4,U44,,NH4,Placebo,4
7,2020-10-02,A076,37,5,37.csv,4,Elkhorn,,NH4,Pathogen,4
7,2020-10-02,A089,37,6,37.csv,4,Elkhorn,,NH4,Pathogen,4
7,2020-10-02,A102,38,1,38.csv,4,U44,,NH4,Pathogen,4
7,2020-10-02,A107,38,2,38.csv,4,U41,,NH4,Pathogen,4
7,2020-10-02,A118,38,3,38.csv,4,U41,,NH4,Pathogen,4
7,2020-10-02,A129,38,4,38.csv,4,U44,,NH4,Pathogen,4
7,2020-10-02,A153,38,5,38.csv,4,Kelsey-1,,NH4,Pathogen,4
7,2020-10-02,A155,38,6,38.csv,4,K2,,NH4,Placebo,4
7,2020-10-02,A163,39,1,39.csv,4,K2,,NH4,Pathogen,4
7,2020-10-02,A172,39,2,39.csv,4,K2,,NH4,Placebo,4
7,2020-10-02,A176,39,3,39.csv,4,FM19,,NH4,Pathogen,4
7,2020-10-02,A179,39,4,39.csv,4,FM19,,NH4,Pathogen,4
7,2020-10-02,A198,39,5,39.csv,4,FM19,,NH4,Placebo,4
7,2020-10-02,A199,39,6,39.csv,4,FM9,,NH4,Pathogen,4
7,2020-10-02,204,40,1,40.csv,4,FM9,,NH4,Placebo,4
7,2020-10-02,216,40,2,40.csv,4,FM9,,NH4,Pathogen,4
7,2020-10-02,235,40,3,40.csv,4,FM6,,NH4,Pathogen,4
7,2020-10-02,261,40,4,40.csv,4,FM6,,NH4,Placebo,4
7,2020-10-02,266,40,5,40.csv,4,FM6,,NH4,Placebo,4
7,2020-10-02,272,40,6,40.csv,4,FM14,,NH4,Placebo,4
7,2020-10-02,284,41,1,41.csv,4,FM14,,NH4,Placebo,4
7,2020-10-02,285,41,2,41.csv,4,FM14,,NH4,Pathogen,4
7,2020-10-02,A004,1,1,1.csv,5,Kelsey-1,,Ambient,Pathogen,5
7,2020-10-02,A015,1,2,1.csv,5,Kelsey-1,,Ambient,Placebo,5
7,2020-10-02,A017,1,3,1.csv,5,Cooper-9,,Ambient,Placebo,5
7,2020-10-02,A028,1,4,1.csv,5,Cooper-9,,Ambient,Placebo,5
7,2020-10-02,A049,1,5,1.csv,5,Acerv2,,Ambient,Pathogen,5
7,2020-10-02,A057,1,6,1.csv,5,Acerv2,,Ambient,Pathogen,5
7,2020-10-02,A062,2,1,2.csv,5,Acerv2,,Ambient,Placebo,5
7,2020-10-02,A066,2,2,2.csv,5,Elkhorn,,Ambient,Placebo,5
7,2020-10-02,A086,2,3,2.csv,5,Elkhorn,TL,Ambient,Pathogen,5
7,2020-10-02,A087,2,4,2.csv,5,Elkhorn,,Ambient,Pathogen,5
7,2020-10-02,A091,2,5,2.csv,5,U44,,Ambient,Placebo,5
7,2020-10-02,A095,2,6,2.csv,5,Kelsey-1,,Ambient,Pathogen,5
7,2020-10-02,A109,3,1,3.csv,5,U44,,Ambient,Placebo,5
7,2020-10-02,A115,3,2,3.csv,5,U41,,Ambient,Pathogen,5
7,2020-10-02,A121,3,3,3.csv,5,U44,,Ambient,Pathogen,5
7,2020-10-02,A154,3,4,3.csv,5,K2,,Ambient,Placebo,5
7,2020-10-02,A160,3,5,3.csv,5,K2,,Ambient,Placebo,5
7,2020-10-02,A166,3,6,3.csv,5,K2,,Ambient,Pathogen,5
7,2020-10-02,A180,5,1,5.csv,5,FM19,before pic 4 ,Ambient,Pathogen,5
7,2020-10-02,A181,5,2,5.csv,5,FM19,,Ambient,Pathogen,5
7,2020-10-02,A189,5,3,5.csv,5,FM19,,Ambient,Placebo,5
7,2020-10-02,A200,5,4,5.csv,5,FM9,,Ambient,Pathogen,5
7,2020-10-02,227,5,5,5.csv,5,FM9,,Ambient,Placebo,5
7,2020-10-02,228,5,6,5.csv,5,FM9,,Ambient,Pathogen,5
7,2020-10-02,250,4,1,4.csv,5,FM6,,Ambient,Placebo,5
7,2020-10-02,252,4,2,4.csv,5,FM6,,Ambient,Placebo,5
7,2020-10-02,256,4,3,4.csv,5,FM6,,Ambient,Pathogen,5
7,2020-10-02,264,4,4,4.csv,5,FM14,,Ambient,Pathogen,5
7,2020-10-02,268,4,5,4.csv,5,FM14,,Ambient,Placebo,5
7,2020-10-02,276,4,6,4.csv,5,FM14,,Ambient,Placebo,5
7,2020-10-02,358,4,7,4.csv,5,FM19,,Ambient,Pathogen,5
7,2020-10-02,A003,6,1,6.csv,6,Kelsey-1,,Ambient,Pathogen,6
7,2020-10-02,A016,6,2,6.csv,6,Cooper-9,,Ambient,Pathogen,6
7,2020-10-02,A020,6,3,6.csv,6,Cooper-9,,Ambient,Placebo,6
7,2020-10-02,A032,6,4,6.csv,6,Cooper-9,,Ambient,Pathogen,6
7,2020-10-02,A044,6,5,6.csv,6,Acerv2,,Ambient,Pathogen,6
7,2020-10-02,A050,6,6,6.csv,6,Acerv2,,Ambient,Placebo,6
7,2020-10-02,A059,7,1,7.csv,6,Acerv2,,Ambient,Pathogen,6
7,2020-10-02,A082,7,2,7.csv,6,Elkhorn,,Ambient,Pathogen,6
7,2020-10-02,A090,7,3,7.csv,6,Elkhorn,,Ambient,Placebo,6
7,2020-10-02,A096,7,4,7.csv,6,Kelsey-1,,Ambient,Placebo,6
7,2020-10-02,A098,7,5,7.csv,6,Kelsey-1,,Ambient,Pathogen,6
7,2020-10-02,A112,7,6,7.csv,6,U41,,Ambient,Pathogen,6
7,2020-10-02,A122,8,1,8.csv,6,U44,,Ambient,Placebo,6
7,2020-10-02,A123,8,2,8.csv,6,U41,,Ambient,Pathogen,6
7,2020-10-02,A128,8,3,8.csv,6,U44,,Ambient,Placebo,6
7,2020-10-02,A132,8,4,8.csv,6,U44,,Ambient,Pathogen,6
7,2020-10-02,A173,8,5,8.csv,6,K2,,Ambient,Placebo,6
7,2020-10-02,A174,8,6,8.csv,6,K2,,Ambient,Pathogen,6
7,2020-10-02,A177,9,1,9.csv,6,FM19,,Ambient,Pathogen,6
7,2020-10-02,A178,9,2,9.csv,6,FM19,,Ambient,Placebo,6
7,2020-10-02,A194,9,3,9.csv,6,FM19,,Ambient,Pathogen,6
7,2020-10-02,217,9,4,9.csv,6,FM9,,Ambient,Pathogen,6
7,2020-10-02,221,9,5,9.csv,6,FM9,,Ambient,Placebo,6
7,2020-10-02,224,9,6,9.csv,6,FM9,,Ambient,Pathogen,6
7,2020-10-02,241,10,1,10.csv,6,FM6,,Ambient,Pathogen,6
7,2020-10-02,244,10,2,10.csv,6,FM6,,Ambient,Placebo,6
7,2020-10-02,251,10,3,10.csv,6,FM6,,Ambient,Placebo,6
7,2020-10-02,274,10,4,10.csv,6,FM14,,Ambient,Pathogen,6
7,2020-10-02,277,10,5,10.csv,6,FM14,,Ambient,Placebo,6
7,2020-10-02,288,10,6,10.csv,6,FM14,,Ambient,Placebo,6
7,2020-10-02,410,10,7,10.csv,6,K2,,Ambient,Placebo,6
7,2020-10-02,A001,11,1,11.csv,7,Kelsey-1,,NH4,Pathogen,7
7,2020-10-02,A007,11,2,11.csv,7,Kelsey-1,,NH4,Placebo,7
7,2020-10-02,A009,11,3,11.csv,7,Kelsey-1,,NH4,Placebo,7
7,2020-10-02,A019,11,4,11.csv,7,Cooper-9,,NH4,Placebo,7
7,2020-10-02,A022,11,5,11.csv,7,Cooper-9,,NH4,Pathogen,7
7,2020-10-02,A024,11,6,11.csv,7,Cooper-9,,NH4,Pathogen,7
7,2020-10-02,A048,12,1,12.csv,7,Acerv2,,NH4,Placebo,7
7,2020-10-02,A051,12,2,12.csv,7,Acerv2,,NH4,Placebo,7
7,2020-10-02,A061,12,3,12.csv,7,Acerv2,,NH4,Pathogen,7
7,2020-10-02,A067,12,4,12.csv,7,U44,,NH4,Pathogen,7
7,2020-10-02,A075,12,5,12.csv,7,Elkhorn,,NH4,Placebo,7
7,2020-10-02,A077,12,6,12.csv,7,Elkhorn,,NH4,Placebo,7
7,2020-10-02,A084,13,1,13.csv,7,Elkhorn,,NH4,Pathogen,7
7,2020-10-02,A105,13,2,13.csv,7,U44,,NH4,Placebo,7
7,2020-10-02,A116,13,3,13.csv,7,U41,,NH4,Pathogen,7
7,2020-10-02,A127,13,4,13.csv,7,U44,,NH4,Placebo,7
7,2020-10-02,A152,13,5,13.csv,7,K2,,NH4,Pathogen,7
7,2020-10-02,A158,13,6,13.csv,7,K2,,NH4,Pathogen,7
7,2020-10-02,A159,14,1,14.csv,7,K2,,NH4,Placebo,7
7,2020-10-02,A184,14,2,14.csv,7,FM19,,NH4,Pathogen,7
7,2020-10-02,A192,14,3,14.csv,7,FM19,,NH4,Placebo,7
7,2020-10-02,A196,14,4,14.csv,7,FM19,,NH4,Placebo,7
7,2020-10-02,205,14,5,14.csv,7,FM9,,NH4,Pathogen,7
7,2020-10-02,220,14,6,14.csv,7,FM9,,NH4,Placebo,7
7,2020-10-02,226,15,1,15.csv,7,FM9,,NH4,Placebo,7
7,2020-10-02,231,15,2,15.csv,7,FM6,,NH4,Placebo,7
7,2020-10-02,247,15,3,15.csv,7,FM6,,NH4,Pathogen,7
7,2020-10-02,253,15,4,15.csv,7,FM6,,NH4,Pathogen,7
7,2020-10-02,262,15,5,15.csv,7,FM14,,NH4,Placebo,7
7,2020-10-02,289,15,6,15.csv,7,FM14,,NH4,Pathogen,7
7,2020-10-02,291,15,7,15.csv,7,FM14,,NH4,Pathogen,7
7,2020-10-02,A010,16,1,16.csv,8,Kelsey-1,,NH4,Placebo,8
7,2020-10-02,A029,16,2,16.csv,8,Cooper-9,,NH4,Pathogen,8
7,2020-10-02,A038,16,3,16.csv,8,Cooper-9,,NH4,Pathogen,8
7,2020-10-02,A041,16,4,16.csv,8,Acerv2,,NH4,Pathogen,8
7,2020-10-02,A052,16,5,16.csv,8,Acerv2,,NH4,Placebo,8
7,2020-10-02,A060,16,6,16.csv,8,Acerv2,,NH4,Placebo,8
7,2020-10-02,A072,17,1,17.csv,8,Elkhorn,,NH4,Placebo,8
7,2020-10-02,A078,17,2,17.csv,8,Elkhorn,,NH4,Pathogen,8
7,2020-10-02,A083,17,3,17.csv,8,Elkhorn,,NH4,Placebo,8
7,2020-10-02,A097,17,4,17.csv,8,Kelsey-1,,NH4,Pathogen,8
7,2020-10-02,A101,17,5,17.csv,8,Kelsey-1,,NH4,Placebo,8
7,2020-10-02,A111,17,6,17.csv,8,U44,,NH4,Pathogen,8
7,2020-10-02,A114,18,1,18.csv,8,U41,,NH4,Pathogen,8
7,2020-10-02,A131,18,2,18.csv,8,U44,,NH4,Placebo,8
7,2020-10-02,A134,18,3,18.csv,8,U44,,NH4,Placebo,8
7,2020-10-02,A157,18,4,18.csv,8,K2,,NH4,Pathogen,8
7,2020-10-02,A161,18,5,18.csv,8,K2,,NH4,Pathogen,8
7,2020-10-02,A165,18,6,18.csv,8,K2,,NH4,Placebo,8
7,2020-10-02,A183,19,1,19.csv,8,FM19,,NH4,Pathogen,8
7,2020-10-02,A185,19,2,19.csv,8,FM19,,NH4,Placebo,8
7,2020-10-02,A188,19,3,19.csv,8,FM19,,NH4,Placebo,8
7,2020-10-02,211,19,4,19.csv,8,FM9,,NH4,Placebo,8
7,2020-10-02,214,19,5,19.csv,8,FM9,,NH4,Placebo,8
7,2020-10-02,222,19,6,19.csv,8,FM9,,NH4,Pathogen,8
7,2020-10-02,237,20,1,20.csv,8,FM6,,NH4,Pathogen,8
7,2020-10-02,238,20,2,20.csv,8,FM6,,NH4,Pathogen,8
7,2020-10-02,239,20,3,20.csv,8,FM6,,NH4,Placebo,8
7,2020-10-02,270,20,4,20.csv,8,FM14,,NH4,Pathogen,8
7,2020-10-02,282,20,5,20.csv,8,FM14,,NH4,Placebo,8
7,2020-10-02,296,20,6,20.csv,8,FM14,,NH4,Pathogen,8