Sample.ID,Tank,Sample,Treatment,sample,NH4,Si.uM.,NO2.uM.,N.N.uM.,NO3.uM.,PO4.uM.,Day,Week,,
1_3,3,1,NH4+Disease,Chl,8.979,NA,NA,NA,NA,NA,1,1,,
1_4,4,1,NH4+Disease,Chl,9.207,NA,NA,NA,NA,NA,1,1,,
1_7,7,1,NH4+Placebo,Chl,8.772,NA,NA,NA,NA,NA,1,1,,
1_8,8,1,NH4+Placebo,Chl,8.946,NA,NA,NA,NA,NA,1,1,,
2_3,3,2,NH4+Disease,Chl,5.842,NA,NA,NA,NA,NA,3,1,,
2_4,4,2,NH4+Disease,Chl,6.535,NA,NA,NA,NA,NA,3,1,,
2_7,7,2,NH4+Placebo,Chl,4.916,NA,NA,NA,NA,NA,3,1,,
2_8,8,2,NH4+Placebo,Chl,4.264,NA,NA,NA,NA,NA,3,1,,
3_3,3,3,NH4+Disease,Chl,10.793,NA,NA,NA,NA,NA,5,1,,
3_4,4,3,NH4+Disease,Chl,11.155,NA,NA,NA,NA,NA,5,1,,
3_7,7,3,NH4+Placebo,Chl,10.142,NA,NA,NA,NA,NA,5,1,,
3_8,8,3,NH4+Placebo,Chl,10.682,NA,NA,NA,NA,NA,5,1,,
4_3,3,4,NH4+Disease,Chl,3.587,NA,NA,NA,NA,NA,7,1,,
4_4,4,4,NH4+Disease,Chl,4.001,NA,NA,NA,NA,NA,7,1,,
4_7,7,4,NH4+Placebo,Chl,3.408,NA,NA,NA,NA,NA,7,1,,
4_8,8,4,NH4+Placebo,Chl,1.387,NA,NA,NA,NA,NA,7,1,,
5_3,3,5,NH4+Disease,Chl,4.89,NA,NA,NA,NA,NA,9,2,,
5_4,4,5,NH4+Disease,Chl,3.675,NA,NA,NA,NA,NA,9,2,,
5_7,7,5,NH4+Placebo,Chl,4.661,NA,NA,NA,NA,NA,9,2,,
5_8,8,5,NH4+Placebo,Chl,3.318,NA,NA,NA,NA,NA,9,2,,
6_3,3,6,NH4+Disease,Chl,10.791,NA,NA,NA,NA,NA,11,2,,
6_4,4,6,NH4+Disease,Chl,11.406,NA,NA,NA,NA,NA,11,2,,
6_7,7,6,NH4+Placebo,Chl,10.717,NA,NA,NA,NA,NA,11,2,,
6_8,8,6,NH4+Placebo,Chl,11.095,NA,NA,NA,NA,NA,11,2,,
7_3,3,7,NH4+Disease,Chl,9.226,NA,NA,NA,NA,NA,13,2,,
7_4,4,7,NH4+Disease,Chl,9.121,NA,NA,NA,NA,NA,13,2,,
7_7,7,7,NH4+Placebo,Chl,8.529,NA,NA,NA,NA,NA,13,2,,
7_8,8,7,NH4+Placebo,Chl,8.69,NA,NA,NA,NA,NA,13,2,,
7_1,1,7,Ambient+Disease,Chl,0.417,NA,NA,NA,NA,NA,13,2,,
7_2,2,7,Ambient+Disease,Chl,0.406,NA,NA,NA,NA,NA,13,2,,
7_5,5,7,Ambient+Placebo,Chl,0.269,NA,NA,NA,NA,NA,13,2,,
7_6,6,7,Ambient+Placebo,Chl,0.242,NA,NA,NA,NA,NA,13,2,,
8_3,3,8,NH4+Disease,Chl,7.654,NA,NA,NA,NA,NA,15,3,,
8_4,4,8,NH4+Disease,Chl,8.006,NA,NA,NA,NA,NA,15,3,,
8_7,7,8,NH4+Placebo,Chl,7.59,NA,NA,NA,NA,NA,15,3,,
8_8,8,8,NH4+Placebo,Chl,8.079,NA,NA,NA,NA,NA,15,3,,
9_3,3,9,NH4+Disease,Chl,11.417,NA,NA,NA,NA,NA,17,3,,
9_4,4,9,NH4+Disease,Chl,11.568,NA,NA,NA,NA,NA,17,3,,
9_7,7,9,NH4+Placebo,Chl,11.062,NA,NA,NA,NA,NA,17,3,,
9_8,8,9,NH4+Placebo,Chl,10.831,NA,NA,NA,NA,NA,17,3,,
10_3,3,10,NH4+Disease,Chl,8.258,NA,NA,NA,NA,NA,19,3,,
10_4,4,10,NH4+Disease,Chl,9.703,NA,NA,NA,NA,NA,19,3,,
10_7,7,10,NH4+Placebo,Chl,8.956,NA,NA,NA,NA,NA,19,3,,
10_8,8,10,NH4+Placebo,Chl,8.48,NA,NA,NA,NA,NA,19,3,,
15_3,3,15,NH4+Disease,Chl,6.892,NA,NA,NA,NA,NA,19,3,,
15_4,4,15,NH4+Disease,Chl,8.397,NA,NA,NA,NA,NA,19,3,,
15_7,7,15,NH4+Placebo,Chl,6.306,NA,NA,NA,NA,NA,19,3,,
15_8,8,15,NH4+Placebo,Chl,6.58,NA,NA,NA,NA,NA,19,3,,
11_3,3,11,NH4+Disease,Chl,5.798,NA,NA,NA,NA,NA,21,3,,
11_4,4,11,NH4+Disease,Chl,6.981,NA,NA,NA,NA,NA,21,3,,
11_7,7,11,NH4+Placebo,Chl,2.312,NA,NA,NA,NA,NA,21,3,,
11_8,8,11,NH4+Placebo,Chl,5.053,NA,NA,NA,NA,NA,21,3,,
12_3,3,12,NH4+Disease,Chl,6.731,NA,NA,NA,NA,NA,23,4,,
12_4,4,12,NH4+Disease,Chl,7.315,NA,NA,NA,NA,NA,23,4,,
12_7,7,12,NH4+Placebo,Chl,6.837,NA,NA,NA,NA,NA,23,4,,
12_8,8,12,NH4+Placebo,Chl,1.261,NA,NA,NA,NA,NA,23,4,,
13_1,1,13,Ambient+Disease,Chl,0.442,NA,NA,NA,NA,NA,25,4,,
13_2,2,13,Ambient+Disease,Chl,0.499,NA,NA,NA,NA,NA,25,4,,
13_3,3,13,NH4+Disease,Chl,6.986,NA,NA,NA,NA,NA,25,4,,
13_4,4,13,NH4+Disease,Chl,6.255,NA,NA,NA,NA,NA,25,4,,
13_5,5,13,Ambient+Placebo,Chl,0.303,NA,NA,NA,NA,NA,25,4,,
13_6,6,13,Ambient+Placebo,Chl,0.322,NA,NA,NA,NA,NA,25,4,,
13_7,7,13,NH4+Placebo,Chl,5.701,NA,NA,NA,NA,NA,25,4,,
13_8,8,13,NH4+Placebo,Chl,5.666,NA,NA,NA,NA,NA,25,4,,
14_3,3,14,NH4+Disease,Chl,7.333,NA,NA,NA,NA,NA,27,4,,
14_4,4,14,NH4+Disease,Chl,6.578,NA,NA,NA,NA,NA,27,4,,
14_7,7,14,NH4+Placebo,Chl,7.676,NA,NA,NA,NA,NA,27,4,,
14_8,8,14,NH4+Placebo,Chl,6.419,NA,NA,NA,NA,NA,27,4,,
16_3,3,16,NH4+Disease,Chl,9.354,NA,NA,NA,NA,NA,28,4,,
16_4,4,16,NH4+Disease,Chl,6.227,NA,NA,NA,NA,NA,28,4,,
16_7,7,16,NH4+Placebo,Chl,10.337,NA,NA,NA,NA,NA,28,4,,
16_8,8,16,NH4+Placebo,Chl,9.167,NA,NA,NA,NA,NA,28,4,,
16_1,1,16,Ambient+Disease,Chl,1.141,NA,NA,NA,NA,NA,28,4,,
16_2,2,16,Ambient+Disease,Chl,0.821,NA,NA,NA,NA,NA,28,4,,
16_5,5,16,Ambient+Placebo,Chl,0.79,NA,NA,NA,NA,NA,28,4,,
16_6,6,16,Ambient+Placebo,Chl,1.071,NA,NA,NA,NA,NA,28,4,,
17_3,3,17,NH4+Disease,Chl,13.928,NA,NA,NA,NA,NA,29,4,,
17_4,4,17,NH4+Disease,Chl,10.942,NA,NA,NA,NA,NA,29,4,,
17_7,7,17,NH4+Placebo,Chl,15.295,NA,NA,NA,NA,NA,29,4,,
17_8,8,17,NH4+Placebo,Chl,16.39,NA,NA,NA,NA,NA,29,4,,
18_3,3,18,NH4+Disease,Chl,15.585,NA,NA,NA,NA,NA,30,4,,
18_4,4,18,NH4+Disease,Chl,10.529,NA,NA,NA,NA,NA,30,4,,
18_7,7,18,NH4+Placebo,Chl,16.691,NA,NA,NA,NA,NA,30,4,,
18_8,8,18,NH4+Placebo,Chl,22.693,NA,NA,NA,NA,NA,30,4,,
19_3,3,19,NH4+Disease,Chl,18.446,NA,NA,NA,NA,NA,31,5,14,3
19_4,4,19,NH4+Disease,Chl,24.182,NA,NA,NA,NA,NA,31,5,14,3
19_7,7,19,NH4+Placebo,Chl,18.932,NA,NA,NA,NA,NA,31,5,14,3
19_8,8,19,NH4+Placebo,Chl,27.807,NA,NA,NA,NA,NA,31,5,14,3
20_3,3,20,NH4+Disease,Chl,23.878,NA,NA,NA,NA,NA,32,5,15,3
20_4,4,20,NH4+Disease,Chl,31.559,NA,NA,NA,NA,NA,32,5,15,3
20_7,7,20,NH4+Placebo,Chl,24.582,NA,NA,NA,NA,NA,32,5,15,3
20_8,8,20,NH4+Placebo,Chl,31.343,NA,NA,NA,NA,NA,32,5,15,3
21_3,3,21,NH4+Disease,Chl,26.699,NA,NA,NA,NA,NA,33,5,16,3
21_4,4,21,NH4+Disease,Chl,26.127,NA,NA,NA,NA,NA,33,5,16,3
21_7,7,21,NH4+Placebo,Chl,26.782,NA,NA,NA,NA,NA,33,5,16,3
21_8,8,21,NH4+Placebo,Chl,27.54,NA,NA,NA,NA,NA,33,5,16,3
22_3,3,22,NH4+Disease,Chl,24.67,NA,NA,NA,NA,NA,34,5,17,3
22_4,4,22,NH4+Disease,Chl,20.689,NA,NA,NA,NA,NA,34,5,17,3
22_7,7,22,NH4+Placebo,Chl,21.183,NA,NA,NA,NA,NA,34,5,17,3
22_8,8,22,NH4+Placebo,Chl,22.597,NA,NA,NA,NA,NA,34,5,17,3
23_3,3,23,NH4+Disease,Chl,22.776,NA,NA,NA,NA,NA,35,5,18,3
23_4,4,23,NH4+Disease,Chl,19.444,NA,NA,NA,NA,NA,35,5,18,3
23_7,7,23,NH4+Placebo,Chl,20.798,NA,NA,NA,NA,NA,35,5,18,3
23_8,8,23,NH4+Placebo,Chl,22.595,NA,NA,NA,NA,NA,35,5,18,3
23_1,1,23,Ambient+Disease,Chl,8.395,NA,NA,NA,NA,NA,35,5,18,3
23_2,2,23,Ambient+Disease,Chl,10.816,NA,NA,NA,NA,NA,35,5,18,3
23_5,5,23,Ambient+Placebo,Chl,11.327,NA,NA,NA,NA,NA,35,5,18,3
23_6,6,23,Ambient+Placebo,Chl,9.884,NA,NA,NA,NA,NA,35,5,18,3
25-01,1,25,Ambient+Disease,Chl,6.25,0.1,0.22,3.82,3.6,0.44,36,5,19,3
25-02,2,25,Ambient+Disease,Chl,9.28,0.6,0.8,5.06,4.26,0.61,36,5,19,3
25-03,3,25,NH4+Disease,Chl,16.18,4.5,0.85,5.22,4.36,0.3,36,5,19,3
25-04,4,25,NH4+Disease,Chl,14.27,2,0.38,4.48,4.09,0.25,36,5,19,3
25-05,5,25,Ambient+Placebo,Chl,5.42,1.1,0.4,4.44,4.03,0.4,36,5,19,3
25-06,6,25,Ambient+Placebo,Chl,6.21,0.1,0.19,4.01,3.82,0.52,36,5,19,3
25-07,7,25,NH4+Placebo,Chl,12.56,1.1,0.39,4.48,4.09,0.21,36,5,19,3
25-08,8,25,NH4+Placebo,Chl,15.06,1.5,0.48,4.32,3.83,0.28,36,5,19,3
26-01,1,26,Ambient+Disease,Chl,7.57,1.6,0.25,4.55,4.3,0.37,37,5,20,3
26-02,2,26,Ambient+Disease,Chl,9.75,1.7,1.06,5.65,4.59,0.58,37,5,20,3
26-03,3,26,NH4+Disease,Chl,18.75,5,1.27,5.71,4.44,0.48,37,5,20,3
26-04,4,26,NH4+Disease,Chl,18.48,4.1,0.51,4.77,4.26,0.53,37,5,20,3
26-05,5,26,Ambient+Placebo,Chl,7.06,1.9,0.51,5.16,4.64,0.41,37,5,20,3
26-06,6,26,Ambient+Placebo,Chl,5.22,0.1,0.24,4.04,3.8,0.45,37,5,20,3
26-07,7,26,NH4+Placebo,Chl,17.71,3.2,0.5,4.79,4.3,0.43,37,5,20,3
26-08,8,26,NH4+Placebo,Chl,19.56,3.4,0.74,4.85,4.11,0.46,37,5,20,3
Source Samp(green),Samp(green),Source,NA,Chl,0.52,5.5,0.07,3.92,3.85,0.11,37,5,20,3
26-TT,TT,26,NA,Chl,1.61,0.3,0.62,2.96,2.34,0.36,37,5,20,3
27-01,1,27,Ambient+Disease,Chl,7.83,0.3,0.3,4.72,4.42,0.55,38,6,21,4
27-02,2,27,Ambient+Disease,Chl,10.01,0.5,1.26,6.29,5.04,0.64,38,6,21,4
27-03,3,27,NH4+Disease,Chl,21.36,2.6,3.21,8.22,5.01,1.57,38,6,21,4
27-04,4,27,NH4+Disease,Chl,21.13,0.9,1.2,5.54,4.34,1.93,38,6,21,4
27-05,5,27,Ambient+Placebo,Chl,8.63,1.3,0.66,5.52,4.86,0.55,38,6,21,4
27-06,6,27,Ambient+Placebo,Chl,4.67,0,0.27,4.01,3.74,0.41,38,6,21,4
27-07,7,27,NH4+Placebo,Chl,21.51,0.4,1.16,5.57,4.41,1.38,38,6,21,4
27-08,8,27,NH4+Placebo,Chl,21.17,0.4,1.8,6.2,4.4,1.51,38,6,21,4
27 Beach,Beach,27,NA,Chl,2.49,4.8,0.23,1.41,1.18,0.28,38,6,21,4
28-01,1,28,Ambient+Disease,Chl,6.12,0,0.36,4.98,4.63,0.41,39,6,22,4
28-02,2,28,Ambient+Disease,Chl,8.5,0.4,1.7,7,5.3,0.4,39,6,22,4
28-03,3,28,NH4+Disease,Chl,18.24,1.6,2.85,8.06,5.21,0.55,39,6,22,4
28-04,4,28,NH4+Disease,Chl,19.88,0.3,1.13,5.67,4.54,0.5,39,6,22,4
28-05,5,28,Ambient+Placebo,Chl,8.4,0.2,1.05,6.5,5.45,0.35,39,6,22,4
28-06,6,28,Ambient+Placebo,Chl,3.38,0.5,0.27,3.89,3.63,0.27,39,6,22,4
28-07,7,28,NH4+Placebo,Chl,18.7,0.7,1.1,5.74,4.63,0.45,39,6,22,4
28-08,8,28,NH4+Placebo,Chl,17.42,0,1.7,6.53,4.82,0.46,39,6,22,4
29-01,1,29,Ambient+Disease,Chl,5.71,0,0.57,4.83,4.27,0.37,40,6,23,4
29-02,2,29,Ambient+Disease,Chl,7.44,0,2.64,7.84,5.2,0.45,40,6,23,4
29-03,3,29,NH4+Disease,Chl,12.54,0,3.95,9.01,5.06,0.38,40,6,23,4
29-04,4,29,NH4+Disease,Chl,15.82,0,1.7,6.33,4.63,0.45,40,6,23,4
29-05,5,29,Ambient+Placebo,Chl,4.78,0,1.4,5.99,4.6,0.29,40,6,23,4
29-06,6,29,Ambient+Placebo,Chl,2.93,0,0.39,3.27,2.88,0.21,40,6,23,4
29-07,7,29,NH4+Placebo,Chl,12.84,0,1.6,6.48,4.88,0.28,40,6,23,4
29-08,8,29,NH4+Placebo,Chl,12.84,0,2.5,7.09,4.59,0.34,40,6,23,4
30-01,1,30,Ambient+Disease,Chl,5.3,0,0.56,5.3,4.74,0.37,40,6,23,4
30-02,2,30,Ambient+Disease,Chl,7.16,0.2,2.69,8.28,5.59,0.54,40,6,23,4
30-03,3,30,NH4+Disease,Chl,10.87,0,4.08,9.76,5.68,0.42,40,6,23,4
30-04,4,30,NH4+Disease,Chl,14.54,0,1.82,6.74,4.92,0.47,40,6,23,4
30-05,5,30,Ambient+Placebo,Chl,4.04,0,1.42,6.71,5.29,0.3,40,6,23,4
30-06,6,30,Ambient+Placebo,Chl,3.16,0,0.4,3.7,3.31,0.26,40,6,23,4
30-07,7,30,NH4+Placebo,Chl,11.85,0,1.66,6.86,5.2,0.33,40,6,23,4
30-08,8,30,NH4+Placebo,Chl,12.54,0,2.62,7.59,4.96,0.46,40,6,23,4
31-01,1,31,Ambient+Disease,Chl,4.15,0,0.55,4.6,4.05,0.34,41,6,24,4
31-02,2,31,Ambient+Disease,Chl,7.32,0,3.05,7.39,4.34,0.54,41,6,24,4
31-03,3,31,NH4+Disease,Chl,9.6,0,4.15,8.56,4.41,0.31,41,6,24,4
31-04,4,31,NH4+Disease,Chl,13.31,0,2.08,5.69,3.61,0.37,41,6,24,4
31-05,5,31,Ambient+Placebo,Chl,3.3,0,1.62,5.08,3.46,0.28,41,6,24,4
31-06,6,31,Ambient+Placebo,Chl,2.33,0,0.39,3.1,2.71,0.24,41,6,24,4
31-07,7,31,NH4+Placebo,Chl,9.16,0,1.78,5.82,4.04,0.24,41,6,24,4
31-08,8,31,NH4+Placebo,Chl,9.9,0,2.87,6.57,3.7,0.3,41,6,24,4
32-01,1,32,Ambient+Disease,Chl,2.68,0,0.56,4.85,4.29,0.42,41,6,24,4
32-02,2,32,Ambient+Disease,Chl,5.59,0,3.14,8.84,5.71,0.51,41,6,24,4
32-03,3,32,NH4+Disease,Chl,6.92,0,4.1,9.71,5.61,0.3,41,6,24,4
32-04,4,32,NH4+Disease,Chl,10.7,0,2.13,6.89,4.76,0.35,41,6,24,4
32-05,5,32,Ambient+Placebo,Chl,1.61,0,1.59,5.61,4.02,0.32,41,6,24,4
32-06,6,32,Ambient+Placebo,Chl,1.65,0,0.34,2.07,1.73,0.24,41,6,24,4
32-07,7,32,NH4+Placebo,Chl,6.52,0,1.76,6.88,5.12,0.18,41,6,24,4
32-08,8,32,NH4+Placebo,Chl,7.45,0,2.87,7.74,4.88,0.23,41,6,24,4
33-01,1,33,Ambient+Disease,Chl,3.41,0,0.57,4.73,4.16,0.37,41,6,24,4
33-02,2,33,Ambient+Disease,Chl,5.99,0.1,3.12,8.56,5.44,0.58,41,6,24,4
33-03,3,33,NH4+Disease,Chl,6.37,0,4.09,9.5,5.41,0.39,41,6,24,4
33-04,4,33,NH4+Disease,Chl,10.43,0,2.22,6.92,4.7,0.48,41,6,24,4
33-05,5,33,Ambient+Placebo,Chl,2.17,0,1.6,5.43,3.83,0.32,41,6,24,4
33-06,6,33,Ambient+Placebo,Chl,2.13,0.1,0.35,2.48,2.13,0.31,41,6,24,4
33-07,7,33,NH4+Placebo,Chl,6.62,0,1.82,6.88,5.06,0.27,41,6,24,4
33-08,8,33,NH4+Placebo,Chl,8.18,0,2.98,7.74,4.76,0.49,41,6,24,4
VAT 10.7.20,Vat,VAT,NA,Chl,0.71,6.2,0.07,5.01,4.94,0.09,41,6,24,4
34-01,1,34,Ambient+Disease,Chl,4.78,0,0.74,3.58,2.84,0.34,42,6,25,4
34-02,2,34,Ambient+Disease,Chl,6.57,0.8,3.05,7.64,4.6,0.53,42,6,25,4
34-03,3,34,NH4+Disease,Chl,7.19,2.1,2.37,6.87,4.51,0.24,42,6,25,4
34-04,4,34,NH4+Disease,Chl,10.57,2.4,1.53,5.6,4.07,0.35,42,6,25,4
34-05,5,34,Ambient+Placebo,Chl,2.35,0,1.55,3.74,2.19,0.29,42,6,25,4
34-06,6,34,Ambient+Placebo,Chl,2.86,0.5,0.35,0.97,0.62,0.26,42,6,25,4
34-07,7,34,NH4+Placebo,Chl,7.04,2.2,1.15,5.36,4.2,0.25,42,6,25,4
34-08,8,34,NH4+Placebo,Chl,8.5,1.9,2.03,6.02,3.98,0.19,42,6,25,4
35-01,1,35,Ambient+Disease,Chl,4.98,0,0.75,4.37,3.61,0.31,42,6,25,4
35-02,2,35,Ambient+Disease,Chl,6.68,0.5,3.1,8.67,5.57,0.46,42,6,25,4
35-03,3,35,NH4+Disease,Chl,6.79,2.2,2.33,7.99,5.66,0.29,42,6,25,4
35-04,4,35,NH4+Disease,Chl,9.48,2.4,1.52,6.66,5.15,0.34,42,6,25,4
35-05,5,35,Ambient+Placebo,Chl,1.62,0,1.57,4.58,3.01,0.17,42,6,25,4
35-06,6,35,Ambient+Placebo,Chl,2.03,0.2,0.35,1.91,1.56,0.3,42,6,25,4
35-07,7,35,NH4+Placebo,Chl,7.01,2.2,2.37,8.41,6.04,0.32,42,6,25,4
35-08,8,35,NH4+Placebo,Chl,9.96,2.4,1.52,6.74,5.22,0.36,42,6,25,4
36-01,1,36,Ambient+Disease,Chl,4.49,0,0.76,4.6,3.84,0.34,42,6,25,4
36-02,2,36,Ambient+Disease,Chl,6.46,0.8,3.03,8.57,5.54,0.53,42,6,25,4
36-03,3,36,NH4+Disease,Chl,7.52,2.1,2.37,7.83,5.46,0.26,42,6,25,4
36-04,4,36,NH4+Disease,Chl,10.32,2.3,1.53,6.38,4.85,0.33,42,6,25,4
36-05,5,36,Ambient+Placebo,Chl,2.27,0,1.55,4.7,3.15,0.25,42,6,25,4
36-06,6,36,Ambient+Placebo,Chl,2.53,0.4,0.35,2.01,1.66,0.21,42,6,25,4
36-07,7,36,NH4+Placebo,Chl,7.61,2.1,1.14,6.54,5.4,0.19,42,6,25,4
36-08,8,36,NH4+Placebo,Chl,8.51,1.9,2.04,7.34,5.31,0.21,42,6,25,4
37-01,1,37,Ambient+Disease,Chl,4.51,0,0.77,4.88,4.11,0.41,43,6,26,4
37-02,2,37,Ambient+Disease,Chl,4.89,0.9,2.65,8.43,5.78,0.42,43,6,26,4
37-03,3,37,NH4+Disease,Chl,6.86,0.1,3,7.55,4.56,0.19,43,6,26,4
37-04,4,37,NH4+Disease,Chl,10.69,0.3,2.1,7.25,5.16,0.28,43,6,26,4
37-05,5,37,Ambient+Placebo,Chl,2,0,1.53,4.52,2.99,0.2,43,6,26,4
37-06,6,37,Ambient+Placebo,Chl,2.67,1,0.4,2.63,2.24,0.23,43,6,26,4
37-07,7,37,NH4+Placebo,Chl,7.96,0,1.54,6.9,5.36,0.2,43,6,26,4
37-08,8,37,NH4+Placebo,Chl,8.77,0,2.85,7.87,5.03,0.16,43,6,26,4
38-01,1,38,Ambient+Disease,Chl,1.29,1.7,0.43,4.95,4.52,0.11,43,6,26,4
38-02,2,38,Ambient+Disease,Chl,2.1,2.9,1.59,7.01,5.42,0.17,43,6,26,4
38-03,3,38,NH4+Disease,Chl,3.01,0,3.35,9.17,5.82,0.1,43,6,26,4
38-04,4,38,NH4+Disease,Chl,8.15,0,2.52,7.26,4.74,0.17,43,6,26,4
38-05,5,38,Ambient+Placebo,Chl,0.81,2.7,0.69,4.3,3.61,0.1,43,6,26,4
38-06,6,38,Ambient+Placebo,Chl,1.8,3.2,0.31,3.69,3.38,0.11,43,6,26,4
38-07,7,38,NH4+Placebo,Chl,4.97,0,1.77,7.19,5.42,0.1,43,6,26,4
38-08,8,38,NH4+Placebo,Chl,6.15,0,3.26,8.16,4.9,0.22,43,6,26,4
39-01,1,39,Ambient+Disease,Chl,1.97,0,0.65,3.14,2.49,1.5,44,6,27,4
39-02,2,39,Ambient+Disease,Chl,4.37,2.5,2.16,6.87,4.71,2.05,44,6,27,4
39-03,3,39,NH4+Disease,Chl,3.11,0,2.99,7.37,4.38,0.58,44,6,27,4
39-04,4,39,NH4+Disease,Chl,7.69,0,2.78,6.57,3.78,0.4,44,6,27,4
39-05,5,39,Ambient+Placebo,Chl,1.67,1.6,0.46,0.86,0.4,1.78,44,6,27,4
39-06,6,39,Ambient+Placebo,Chl,2.56,2.6,0.49,2.57,2.08,0.16,44,6,27,4
39-07,7,39,NH4+Placebo,Chl,7,1.5,2,6.22,4.22,5.73,44,6,27,4
39-08,8,39,NH4+Placebo,Chl,7.08,3.7,3.5,7.43,3.93,8.92,44,6,27,4
40-01,1,40,Ambient+Disease,Chl,1.13,0,0.83,1.94,1.1,0,45,7,28,5
40-02,2,40,Ambient+Disease,Chl,3.82,2.1,2.66,8.41,5.75,0.46,45,7,28,5
40-03,3,40,NH4+Disease,Chl,1.92,0,2.26,6.13,3.87,1.77,45,7,28,5
40-04,4,40,NH4+Disease,Chl,5.32,0,2.91,7.15,4.24,0.13,45,7,28,5
40-05,5,40,Ambient+Placebo,Chl,1.14,0.5,0.35,0.44,0.09,0.22,45,7,28,5
40-06,6,40,Ambient+Placebo,Chl,1.42,1.8,0.45,0.8,0.35,0.37,45,7,28,5
40-07,7,40,NH4+Placebo,Chl,4.73,0.1,2.2,6.89,4.69,2.31,45,7,28,5
40-08,8,40,NH4+Placebo,Chl,4.71,0.7,3.73,8.21,4.48,0.85,45,7,28,5
41-01,1,41,Ambient+Disease,Chl,1.1,0,0.18,0.7,0.52,0.14,46,7,29,5
41-02,2,41,Ambient+Disease,Chl,1.91,0.9,2.42,8.85,6.43,0.22,46,7,29,5
41-03,3,41,NH4+Disease,Chl,1.2,0,1.39,4.24,2.85,0.06,46,7,29,5
41-04,4,41,NH4+Disease,Chl,2.25,0,2.64,7.64,5,0.08,46,7,29,5
41-05,5,41,Ambient+Placebo,Chl,1.01,0.2,0.07,0.68,0.61,0.09,46,7,29,5
41-06,6,41,Ambient+Placebo,Chl,1.63,1.3,0.1,0.84,0.74,0.17,46,7,29,5
41-07,7,41,NH4+Placebo,Chl,1.64,0,1.95,7.34,5.4,0.04,46,7,29,5
41-08,8,41,NH4+Placebo,Chl,1.59,0,3.17,8.09,4.92,0.06,46,7,29,5
42-01,1,42,Ambient+Disease,Chl,1.01,0,0.22,0.97,0.75,0.16,46,7,29,5
42-02,2,42,Ambient+Disease,Chl,2.06,1,2.38,8.7,6.32,0.27,46,7,29,5
42-03,3,42,NH4+Disease,Chl,2.06,0,1.37,4.63,3.26,0.17,46,7,29,5
42-04,4,42,NH4+Disease,Chl,3.33,0,2.58,7.91,5.33,0.2,46,7,29,5
42-05,5,42,Ambient+Placebo,Chl,0.96,0.6,0.11,0.84,0.73,0.15,46,7,29,5
42-06,6,42,Ambient+Placebo,Chl,1.5,1.7,0.1,0.94,0.84,0.31,46,7,29,5
42-07,7,42,NH4+Placebo,Chl,2.55,0,1.91,7.22,5.31,0.09,46,7,29,5
42-08,8,42,NH4+Placebo,Chl,2.48,0,3.08,7.9,4.82,0.14,46,7,29,5
43-01,1,43,Ambient+Disease,Chl,1.12,0,0.2,0.44,0.24,0.05,47,7,30,5
43-02,2,43,Ambient+Disease,Chl,1.72,1.2,2.03,7.41,5.38,0.26,47,7,30,5
43-03,3,43,NH4+Disease,Chl,2.77,0,1.32,4.82,3.5,0.07,47,7,30,5
43-04,4,43,NH4+Disease,Chl,3.92,0,2.38,6.94,4.57,0.1,47,7,30,5
43-05,5,43,Ambient+Placebo,Chl,1.08,1.3,0.09,0.1,0.01,0.06,47,7,30,5
43-06,6,43,Ambient+Placebo,Chl,1.37,2.9,0.08,0,0,0.18,47,7,30,5
43-07,7,43,NH4+Placebo,Chl,3.17,0,1.76,6.37,4.62,0.04,47,7,30,5
43-08,8,43,NH4+Placebo,Chl,2.05,0,2.49,6.1,3.62,0.06,47,7,30,5
Source Samp(purp),Vat,43,NA,Frozen,0.5,7,0.11,4.11,4,0.1,37,5,20,3
27-beach 10.4.20,Beach,27,NA,Frozen,1.51,3.3,1.08,8.18,7.1,1.25,38,6,21,4
29-01,1,29,Ambient+Disease,Frozen,6.14,0,0.6,5.38,4.78,0.21,40,6,23,4
29-02,2,29,Ambient+Disease,Frozen,6.9,0,2.61,8.35,5.73,0.38,40,6,23,4
29-03,3,29,NH4+Disease,Frozen,11.87,0,4,9.74,5.73,0.31,40,6,23,4
29-04,4,29,NH4+Disease,Frozen,14.88,0,1.72,6.66,4.94,0.32,40,6,23,4
29-05,5,29,Ambient+Placebo,Frozen,5.04,0,1.14,5.34,4.2,0.12,40,6,23,4
29-06,6,29,Ambient+Placebo,Frozen,3.38,0,0.39,3.54,3.15,0.06,40,6,23,4
29-07,7,29,NH4+Placebo,Frozen,12.31,0,1.58,6.48,4.9,0.18,40,6,23,4
29-08,8,29,NH4+Placebo,Frozen,12.5,0,2.48,7.48,5,0.17,40,6,23,4
31-01,1,31,Ambient+Disease,Frozen,4.28,0,0.42,2.94,2.52,0.12,41,6,24,4
31-02,2,31,Ambient+Disease,Frozen,7.1,0,3.01,9.14,6.13,0.36,41,6,24,4
31-03,3,31,NH4+Disease,Frozen,8.55,0,4.26,9.38,5.13,0.15,41,6,24,4
31-04,4,31,NH4+Disease,Frozen,11.84,0,1.76,5.35,3.59,0.17,41,6,24,4
31-05,5,31,Ambient+Placebo,Frozen,3.81,0,1.67,6.73,5.07,0.11,41,6,24,4
31-06,6,31,Ambient+Placebo,Frozen,2.88,0,0.41,2.39,1.98,0.07,41,6,24,4
31-07,7,31,NH4+Placebo,Frozen,8.78,0,1.81,6.24,4.43,0.09,41,6,24,4
31-08,8,31,NH4+Placebo,Frozen,8.8,0,2.17,5.35,3.18,0.09,41,6,24,4
VAT 10.7.20,Vat,31,NA,Frozen,1.18,3.9,0.06,3.82,3.76,0.35,41,6,24,4
35-01,1,35,Ambient+Disease,Frozen,4.74,0,0.67,4.58,3.9,0.07,42,6,25,4
35-02,2,35,Ambient+Disease,Frozen,6.6,0.6,3.19,9.64,6.45,0.3,42,6,25,4
35-03,3,35,NH4+Disease,Frozen,6.92,1.6,1.93,6.91,4.98,0.13,42,6,25,4
35-04,4,35,NH4+Disease,Frozen,9.41,2.3,1.48,6.78,5.31,0.08,42,6,25,4
35-05,5,35,Ambient+Placebo,Frozen,2.66,0,1.6,5.38,3.79,0.04,42,6,25,4
35-06,6,35,Ambient+Placebo,Frozen,3.29,0.1,0.34,2.16,1.83,0.05,42,6,25,4
35-07,7,35,NH4+Placebo,Frozen,7.05,2.3,2.43,8.68,6.25,0.09,42,6,25,4
35-08,8,35,NH4+Placebo,Frozen,9.96,2.5,1.56,7.3,5.75,0.09,42,6,25,4
38-01,1,38,Ambient+Disease,Frozen,1.26,1.7,0.48,5.62,5.14,0,43,6,26,4
38-02,2,38,Ambient+Disease,Frozen,2.12,1.1,0.85,4.08,3.23,0,43,6,26,4
38-03,3,38,NH4+Disease,Frozen,2.71,0,3.4,10.16,6.76,0.08,43,6,26,4
38-04,4,38,NH4+Disease,Frozen,7.85,0,2.55,7.94,5.38,0.03,43,6,26,4
38-05,5,38,Ambient+Placebo,Frozen,0.95,2.6,0.72,5.01,4.29,0,43,6,26,4
38-06,6,38,Ambient+Placebo,Frozen,2.17,2,0.25,3.09,2.84,0.04,43,6,26,4
38-07,7,38,NH4+Placebo,Frozen,4.18,0,1.29,5.55,4.26,0,43,6,26,4
38-08,8,38,NH4+Placebo,Frozen,4.57,0,3.26,8.84,5.58,0.03,43,6,26,4
39-01,1,39,Ambient+Disease,Frozen,1.49,0,0.68,3.74,3.05,0.1,44,6,27,4
39-02,2,39,Ambient+Disease,Frozen,4.74,1.4,1.57,5.53,3.96,0.63,44,6,27,4
39-03,3,39,NH4+Disease,Frozen,2.48,0,2.92,7.87,4.95,0.69,44,6,27,4
39-04,4,39,NH4+Disease,Frozen,8.43,0,2.83,7.26,4.43,1.48,44,6,27,4
39-05,5,39,Ambient+Placebo,Frozen,0.95,1.8,0.51,1.2,0.7,2.87,44,6,27,4
39-06,6,39,Ambient+Placebo,Frozen,3.18,3.3,0.51,3,2.49,2.78,44,6,27,4
39-07,7,39,NH4+Placebo,Frozen,7.4,0.3,1.99,6.74,4.74,1.69,44,6,27,4
39-08,8,39,NH4+Placebo,Frozen,7.46,0.2,3.53,8.19,4.66,0.19,44,6,27,4
40-01,1,40,Ambient+Disease,Frozen,2.1,0,0.73,2.1,1.37,0.04,45,7,28,5
40-02,2,40,Ambient+Disease,Frozen,3.52,1,1.95,6.17,4.22,0.14,45,7,28,5
40-03,3,40,NH4+Disease,Frozen,1.69,0,2.27,6.89,4.61,0.08,45,7,28,5
40-04,4,40,NH4+Disease,Frozen,5.31,0,2.72,7.12,4.4,0.56,45,7,28,5
40-05,5,40,Ambient+Placebo,Frozen,2.01,0.5,0.35,0.84,0.48,0.49,45,7,28,5
40-06,6,40,Ambient+Placebo,Frozen,1.57,1.9,0.47,0.98,0.51,1.24,45,7,28,5
40-07,7,40,NH4+Placebo,Frozen,4.73,0,2.22,7.44,5.22,0.49,45,7,28,5
40-08,8,40,NH4+Placebo,Frozen,4.44,1.1,3.69,9.27,5.57,0.09,45,7,28,5
41-01,1,41,Ambient+Disease,Frozen,1.94,0,0.18,0.95,0.77,0.02,46,7,29,5
41-02,2,41,Ambient+Disease,Frozen,2.66,0.8,2.43,9.42,6.99,0.13,46,7,29,5
41-03,3,41,NH4+Disease,Frozen,1.75,0,1.35,4.49,3.13,0.01,46,7,29,5
41-04,4,41,NH4+Disease,Frozen,2.74,0,2.54,8.24,5.7,0,46,7,29,5
41-05,5,41,Ambient+Placebo,Frozen,1.63,0.3,0.1,1.17,1.07,0,46,7,29,5
41-06,6,41,Ambient+Placebo,Frozen,2.37,1.3,0.09,0.98,0.89,0,46,7,29,5
41-07,7,41,NH4+Placebo,Frozen,1.91,0,1.96,7.82,5.86,0,46,7,29,5
41-08,8,41,NH4+Placebo,Frozen,2.02,0,3.21,9.06,5.86,0,46,7,29,5
43-01,1,43,Ambient+Disease,Frozen,2.22,0,0.19,0.82,0.63,0,47,7,30,5
43-02,2,43,Ambient+Disease,Frozen,2.5,0.1,1,3.88,2.88,0.09,47,7,30,5
43-03,3,43,NH4+Disease,Frozen,3.34,0,1.01,4.2,3.19,0,47,7,30,5
43-04,4,43,NH4+Disease,Frozen,4.04,0,2.45,7.76,5.31,0,47,7,30,5
43-05,5,43,Ambient+Placebo,Frozen,1.82,0.6,0.08,0.45,0.37,0,47,7,30,5
43-06,6,43,Ambient+Placebo,Frozen,1.89,1.7,0.08,0.28,0.2,0.07,47,7,30,5
43-07,7,43,NH4+Placebo,Frozen,3.36,0,1.41,5.48,4.08,0.2,47,7,30,5
43-08,8,43,NH4+Placebo,Frozen,2.67,0,2.51,6.83,4.32,0,47,7,30,5
44-01,1,44,Ambient+Disease,Chl,1.23,0.1,0.3,1.6,1.3,0.16,47,7,30,5
44-02,2,44,Ambient+Disease,Chl,1.95,2.5,2.05,8.09,6.04,0.39,47,7,30,5
44-03,3,44,NH4+Disease,Chl,3.03,0,1.41,5.9,4.5,0.16,47,7,30,5
44-04,4,44,NH4+Disease,Chl,4.4,0.1,2.5,7.68,5.18,0.17,47,7,30,5
44-05,5,44,Ambient+Placebo,Chl,1.08,1.4,0.12,0.72,0.59,0.16,47,7,30,5
44-06,6,44,Ambient+Placebo,Chl,1.52,4.1,0.09,0.39,0.31,0.3,47,7,30,5
44-07,7,44,NH4+Placebo,Chl,2.99,0,1.82,6.78,4.96,0.22,47,7,30,5
44-08,8,44,NH4+Placebo,Chl,2.38,0,2.5,6.73,4.23,0.18,47,7,30,5
45-01,1,45,Ambient+Disease,Chl,1.3,0.4,0.4,1.17,0.77,0.13,48,7,31,5
45-02,2,45,Ambient+Disease,Chl,1.6,1.2,1.69,6.41,4.72,0.27,48,7,31,5
45-03,3,45,NH4+Disease,Chl,2.8,0,1.57,5.62,4.05,0.17,48,7,31,5
45-04,4,45,NH4+Disease,Chl,5.5,0.1,2.67,7.16,4.49,0.17,48,7,31,5
45-05,5,45,Ambient+Placebo,Chl,1.38,1,0.15,0.65,0.5,0.18,48,7,31,5
45-06,6,45,Ambient+Placebo,Chl,1.81,3.1,0.11,0.34,0.24,0.28,48,7,31,5
45-07,7,45,NH4+Placebo,Chl,2.66,0,1.83,5.86,4.03,0.14,48,7,31,5
45-08,8,45,NH4+Placebo,Chl,2.89,0,2.34,5.6,3.26,0.16,48,7,31,5
46-01,1,46,Ambient+Disease,Chl,1.33,1.3,0.67,2.69,2.02,0.06,49,7,32,5
46-02,2,46,Ambient+Disease,Chl,2.63,2.7,1.37,6.25,4.88,0.25,49,7,32,5
46-03,3,46,NH4+Disease,Chl,5.29,0.9,1.79,6.74,4.95,0.09,49,7,32,5
46-04,4,46,NH4+Disease,Chl,8.77,1.9,3.04,7.53,4.49,0.12,49,7,32,5
46-05,5,46,Ambient+Placebo,Chl,1.05,1.5,0.25,0.8,0.55,0.07,49,7,32,5
46-06,6,46,Ambient+Placebo,Chl,1.32,3.7,0.12,0.47,0.35,0.07,49,7,32,5
46-07,7,46,NH4+Placebo,Chl,4.99,1.2,1.97,6.39,4.42,0.06,49,7,32,5
46-08,8,46,NH4+Placebo,Chl,5.45,1.4,2.56,6.48,3.92,0.07,49,7,32,5
47-01,1,47,Ambient+Disease,Chl,1.19,1.4,0.67,2.49,1.82,0.06,49,7,32,5
47-02,2,47,Ambient+Disease,Chl,1,2.9,1.4,5.72,4.31,0.13,49,7,32,5
47-03,3,47,NH4+Disease,Chl,3.11,0.8,1.75,6.76,5.01,0.09,49,7,32,5
47-04,4,47,NH4+Disease,Chl,6.98,2.1,3.08,7.56,4.48,0.08,49,7,32,5
47-05,5,47,Ambient+Placebo,Chl,0.93,1.6,0.24,0.59,0.35,0.07,49,7,32,5
47-06,6,47,Ambient+Placebo,Chl,0.95,3.8,0.16,0.34,0.18,0.12,49,7,32,5
47-07,7,47,NH4+Placebo,Chl,5.17,1.3,1.92,6.35,4.43,0.09,49,7,32,5
47-08,8,47,NH4+Placebo,Chl,4.18,1.6,2.5,6.09,3.59,0.08,49,7,32,5
48-01,1,48,Ambient+Disease,Chl,2.02,1.5,0.67,2.64,1.97,0.08,50,7,33,5
48-02,2,48,Ambient+Disease,Chl,2.43,3.4,0.79,4.77,3.98,0.15,50,7,33,5
48-03,3,48,NH4+Disease,Chl,3.42,0,1.48,6.26,4.78,0.12,50,7,33,5
48-04,4,48,NH4+Disease,Chl,6.95,1.9,3.04,7.46,4.42,0.15,50,7,33,5
48-05,5,48,Ambient+Placebo,Chl,1.2,1.1,0.12,0.59,0.47,0.06,50,7,33,5
48-06,6,48,Ambient+Placebo,Chl,1.67,3.6,0.14,0.68,0.54,0.06,50,7,33,5
48-07,7,48,NH4+Placebo,Chl,5,0.8,1.81,6.27,4.46,0.05,50,7,33,5
48-08,8,48,NH4+Placebo,Chl,4.36,1.1,2.2,6.16,3.96,0.05,50,7,33,5
49-01,1,49,Ambient+Disease,Chl,3.16,2.2,0.7,3.53,2.82,0.07,51,7,34,5
49-02,2,49,Ambient+Disease,Chl,1.68,3.3,0.72,4.84,4.12,0.15,51,7,34,5
49-03,3,49,NH4+Disease,Chl,1.54,0,1.34,6.78,5.43,0.02,51,7,34,5
49-04,4,49,NH4+Disease,Chl,5.7,1.8,3.12,7.74,4.62,0.05,51,7,34,5
49-05,5,49,Ambient+Placebo,Chl,1.02,1.3,0.06,0.5,0.43,0.04,51,7,34,5
49-06,6,49,Ambient+Placebo,Chl,1.28,3.8,0.11,0.34,0.23,0.06,51,7,34,5
49-07,7,49,NH4+Placebo,Chl,2.14,0.5,1.75,6.19,4.44,0.06,51,7,34,5
49-08,8,49,NH4+Placebo,Chl,2.11,0.6,1.94,5.43,3.49,0.04,51,7,34,5
50-01,1,50,Ambient+Disease,Chl,3.55,4.3,0.62,3.89,3.27,0.32,51,7,34,5
50-02,2,50,Ambient+Disease,Chl,1.89,4.1,0.66,5.05,4.39,0.24,51,7,34,5
50-03,3,50,NH4+Disease,Chl,3.13,0.7,1.21,6.23,5.03,0.16,51,7,34,5
50-04,4,50,NH4+Disease,Chl,6.72,2.6,2.99,7.63,4.64,0.09,51,7,34,5
50-05,5,50,Ambient+Placebo,Chl,1.3,2.7,0.19,0.46,0.27,0.09,51,7,34,5
50-06,6,50,Ambient+Placebo,Chl,1.36,4.9,0.19,1.08,0.9,0.12,51,7,34,5
50-07,7,50,NH4+Placebo,Chl,2.64,1.3,1.58,6.15,4.57,0.03,51,7,34,5
50-08,8,50,NH4+Placebo,Chl,2.77,1.6,1.67,5.5,3.82,0.04,51,7,34,5
51-01,1,51,Ambient+Disease,Chl,5.46,4.9,0.65,3.88,3.23,3.21,52,8,35,6
51-02,2,51,Ambient+Disease,Chl,4.1,5.6,0.69,4.82,4.13,6.45,52,8,35,6
51-03,3,51,NH4+Disease,Chl,4.47,2.5,1.3,6.1,4.8,5.59,52,8,35,6
51-04,4,51,NH4+Disease,Chl,9.2,4.2,3.11,7.51,4.4,6.02,52,8,35,6
51-05,5,51,Ambient+Placebo,Chl,5.85,4,0.23,0.68,0.46,5.56,52,8,35,6
51-06,6,51,Ambient+Placebo,Chl,3.44,5.9,0.21,0.55,0.34,5.95,52,8,35,6
51-07,7,51,NH4+Placebo,Chl,5.49,2.7,1.62,5.68,4.06,4.27,52,8,35,6
51-08,8,51,NH4+Placebo,Chl,6.7,2.9,1.64,5.04,3.41,4.3,52,8,35,6
45-01,1,45,Ambient+Disease,Frozen,1.19,0.3,0.39,1.24,0.85,0,48,7,31,5
45-02,2,45,Ambient+Disease,Frozen,2.21,1.2,1.58,6.27,4.69,0.03,48,7,31,5
45-03,3,45,NH4+Disease,Frozen,2.52,0,1.52,5.56,4.04,0.02,48,7,31,5
45-04,4,45,NH4+Disease,Frozen,5.53,12.6,3.99,10.27,6.28,0.2,48,7,31,5
45-05,5,45,Ambient+Placebo,Frozen,1.52,1.4,0.14,0.82,0.69,0,48,7,31,5
45-06,6,45,Ambient+Placebo,Frozen,2.09,1.9,0.08,0.19,0.12,0,48,7,31,5
45-07,7,45,NH4+Placebo,Frozen,3.08,7.5,2.75,8.38,5.63,0,48,7,31,5
45-08,8,45,NH4+Placebo,Frozen,3.63,22.2,5.41,13.26,7.85,0.54,48,7,31,5
46-01,1,46,Ambient+Disease,Frozen,1.17,0.9,0.49,2.04,1.54,0.02,49,7,32,5
46-02,2,46,Ambient+Disease,Frozen,2.13,1.1,0.74,3.39,2.64,0,49,7,32,5
46-03,3,46,NH4+Disease,Frozen,3.59,0.3,1.15,4.43,3.28,0,49,7,32,5
46-04,4,46,NH4+Disease,Frozen,6.65,1,1.97,5.08,3.11,0.02,49,7,32,5
46-05,5,46,Ambient+Placebo,Frozen,1.71,0.6,0.22,0.69,0.47,0,49,7,32,5
46-06,6,46,Ambient+Placebo,Frozen,1.28,2,0.1,0.3,0.2,0,49,7,32,5
46-07,7,46,NH4+Placebo,Frozen,4.12,0.1,1.04,3.43,2.39,0,49,7,32,5
46-08,8,46,NH4+Placebo,Frozen,4.11,0.2,1.33,3.33,2,0.01,49,7,32,5
49-01,1,49,Ambient+Disease,Frozen,2.29,0.6,0.36,1.67,1.31,0.06,51,7,34,5
49-02,2,49,Ambient+Disease,Frozen,1.92,2.5,0.62,4.01,3.38,0,51,7,34,5
49-03,3,49,NH4+Disease,Frozen,1.71,0,1.06,4.75,3.69,0,51,7,34,5
49-04,4,49,NH4+Disease,Frozen,4.73,0.9,2.06,5.06,3,0,51,7,34,5
49-05,5,49,Ambient+Placebo,Frozen,1.38,1.1,0.07,0.43,0.36,0,51,7,34,5
49-06,6,49,Ambient+Placebo,Frozen,1.99,2.6,0.12,0.43,0.31,0,51,7,34,5
49-07,7,49,NH4+Placebo,Frozen,2.9,0,0.99,3.47,2.47,0,51,7,34,5
49-08,8,49,NH4+Placebo,Frozen,2.76,0.1,1.4,4,2.6,0,51,7,34,5
50-01,1,50,Ambient+Disease,Frozen,2.48,3.7,0.6,3.77,3.17,0,51,7,34,5
50-02,2,50,Ambient+Disease,Frozen,2.1,4.1,0.66,5.03,4.37,0.01,51,7,34,5
50-03,3,50,NH4+Disease,Frozen,1.83,0.6,1.17,6.13,4.96,0.06,51,7,34,5
50-04,4,50,NH4+Disease,Frozen,5.63,2.7,2.97,7.65,4.68,0,51,7,34,5
50-05,5,50,Ambient+Placebo,Frozen,1.01,2.1,0.15,0.42,0.27,0,51,7,34,5
50-06,6,50,Ambient+Placebo,Frozen,0.98,4.2,0.26,0.75,0.49,0,51,7,34,5
50-07,7,50,NH4+Placebo,Frozen,2.25,1,1.37,5.3,3.93,0,51,7,34,5
50-08,8,50,NH4+Placebo,Frozen,2.35,1.6,1.65,5.42,3.77,0,51,7,34,5
51-01,1,51,Ambient+Disease,Frozen,4.24,4.5,0.61,3.57,2.97,2.91,52,8,35,6
51-02,2,51,Ambient+Disease,Frozen,6.19,4.3,0.57,3.89,3.32,5.22,52,8,35,6
51-03,3,51,NH4+Disease,Frozen,7.73,2.5,1.34,6.26,4.92,5.77,52,8,35,6
51-04,4,51,NH4+Disease,Frozen,11.49,4.6,3.12,7.62,4.51,6.5,52,8,35,6
51-05,5,51,Ambient+Placebo,Frozen,4.67,3,0.19,0.62,0.43,4.59,52,8,35,6
51-06,6,51,Ambient+Placebo,Frozen,6.53,6,0.25,0.66,0.4,6.08,52,8,35,6
51-07,7,51,NH4+Placebo,Frozen,5.94,2.5,1.62,6.26,4.64,4.38,52,8,35,6
51-08,8,51,NH4+Placebo,Frozen,6.69,2.7,1.42,4.68,3.27,4.09,52,8,35,6
52_1,1,52,Ambient+Disease,Chl,15.2,NA,NA,NA,NA,NA,53,8,36,6
52_2,2,52,Ambient+Disease,Chl,16.49,NA,NA,NA,NA,NA,53,8,36,6
52_3,3,52,NH4+Disease,Chl,12.36,NA,NA,NA,NA,NA,53,8,36,6
52_4,4,52,NH4+Disease,Chl,18.31,NA,NA,NA,NA,NA,53,8,36,6
52_5,5,52,Ambient+Placebo,Chl,6.03,NA,NA,NA,NA,NA,53,8,36,6
52_6,6,52,Ambient+Placebo,Chl,10.79,NA,NA,NA,NA,NA,53,8,36,6
52_7,7,52,NH4+Placebo,Chl,12.71,NA,NA,NA,NA,NA,53,8,36,6
52_8,8,52,NH4+Placebo,Chl,11.21,NA,NA,NA,NA,NA,53,8,36,6
53_1,1,53,Ambient+Disease,Chl,17.42,5.3,1.37,5.05,3.68,3.03,53,8,36,6
53_2,2,53,Ambient+Disease,Chl,19.49,4.8,2.76,7.89,5.13,3.67,53,8,36,6
53_3,3,53,NH4+Disease,Chl,10.96,2.4,4.91,13.69,8.78,3.06,53,8,36,6
53_4,4,53,NH4+Disease,Chl,20.26,4,6.53,11.86,5.33,3.26,53,8,36,6
53_5,5,53,Ambient+Placebo,Chl,7.5,3.4,1.13,3.57,2.44,3.02,53,8,36,6
53_6,6,53,Ambient+Placebo,Chl,12.73,5.8,0.72,2.79,2.07,3.17,53,8,36,6
53_7,7,53,NH4+Placebo,Chl,15.84,1.7,2.92,6.59,3.68,1.69,53,8,36,6
53_8,8,53,NH4+Placebo,Chl,11.61,3.1,4.51,9.63,5.12,2.25,53,8,36,6
53_1,1,53,Ambient+Disease,Frozen,15.84,NA,NA,NA,NA,NA,53,8,36,6
53_2,2,53,Ambient+Disease,Frozen,16.8,NA,NA,NA,NA,NA,53,8,36,6
53_3,3,53,NH4+Disease,Frozen,11.59,NA,NA,NA,NA,NA,53,8,36,6
53_4,4,53,NH4+Disease,Frozen,17.47,NA,NA,NA,NA,NA,53,8,36,6
53_5,5,53,Ambient+Placebo,Frozen,6.6,NA,NA,NA,NA,NA,53,8,36,6
53_6,6,53,Ambient+Placebo,Frozen,11.55,NA,NA,NA,NA,NA,53,8,36,6
53_7,7,53,NH4+Placebo,Frozen,12.37,NA,NA,NA,NA,NA,53,8,36,6
53_8,8,53,NH4+Placebo,Frozen,10.13,NA,NA,NA,NA,NA,53,8,36,6
54_1,1,54,Ambient+Disease,Chl,19.83,NA,NA,NA,NA,NA,54,8,37,6
54_2,2,54,Ambient+Disease,Chl,17.15,NA,NA,NA,NA,NA,54,8,37,6
54_3,3,54,NH4+Disease,Chl,9.24,NA,NA,NA,NA,NA,54,8,37,6
54_4,4,54,NH4+Disease,Chl,18.38,NA,NA,NA,NA,NA,54,8,37,6
54_5,5,54,Ambient+Placebo,Chl,8.48,NA,NA,NA,NA,NA,54,8,37,6
54_6,6,54,Ambient+Placebo,Chl,9.65,NA,NA,NA,NA,NA,54,8,37,6
54_7,7,54,NH4+Placebo,Chl,11.08,NA,NA,NA,NA,NA,54,8,37,6
54_8,8,54,NH4+Placebo,Chl,7.16,NA,NA,NA,NA,NA,54,8,37,6
55_1,1,55,Ambient+Disease,Chl,19.53,NA,NA,NA,NA,NA,54,8,37,6
55_2,2,55,Ambient+Disease,Chl,16.46,NA,NA,NA,NA,NA,54,8,37,6
55_3,3,55,NH4+Disease,Chl,8.12,NA,NA,NA,NA,NA,54,8,37,6
55_4,4,55,NH4+Disease,Chl,17.51,NA,NA,NA,NA,NA,54,8,37,6
55_5,5,55,Ambient+Placebo,Chl,7.97,NA,NA,NA,NA,NA,54,8,37,6
55_6,6,55,Ambient+Placebo,Chl,8.39,NA,NA,NA,NA,NA,54,8,37,6
55_7,7,55,NH4+Placebo,Chl,9.42,NA,NA,NA,NA,NA,54,8,37,6
55_8,8,55,NH4+Placebo,Chl,6.28,NA,NA,NA,NA,NA,54,8,37,6
55_1,1,55,Ambient+Disease,Frozen,22.98,4.3,2.04,5.95,3.91,2.27,54,8,37,6
55_2,2,55,Ambient+Disease,Frozen,20.29,3,4.17,10.46,6.3,2.52,54,8,37,6
55_3,3,55,NH4+Disease,Frozen,10.83,0.3,3.77,9.7,5.93,0.98,54,8,37,6
55_4,4,55,NH4+Disease,Frozen,21.94,2,7.77,12.73,4.96,1.47,54,8,37,6
55_5,5,55,Ambient+Placebo,Frozen,8.98,3.1,1.82,5.44,3.62,1.98,54,8,37,6
55_6,6,55,Ambient+Placebo,Frozen,10.3,3.7,1.03,3.54,2.52,1.45,54,8,37,6
55_7,7,55,NH4+Placebo,Frozen,12.63,0.7,4.02,7.83,3.81,0.8,54,8,37,6
55_8,8,55,NH4+Placebo,Frozen,8.92,1.4,4.42,8.68,4.26,0.57,54,8,37,6
56_1,1,56,Ambient+Disease,Chl,19.24,NA,NA,NA,NA,NA,54,8,37,6
56_2,2,56,Ambient+Disease,Chl,15.93,NA,NA,NA,NA,NA,54,8,37,6
56_3,3,56,NH4+Disease,Chl,7.64,NA,NA,NA,NA,NA,54,8,37,6
56_4,4,56,NH4+Disease,Chl,16.18,NA,NA,NA,NA,NA,54,8,37,6
56_5,5,56,Ambient+Placebo,Chl,8.29,NA,NA,NA,NA,NA,54,8,37,6
56_6,6,56,Ambient+Placebo,Chl,8.1,NA,NA,NA,NA,NA,54,8,37,6
56_7,7,56,NH4+Placebo,Chl,8.92,NA,NA,NA,NA,NA,54,8,37,6
56_8,8,56,NH4+Placebo,Chl,6.37,NA,NA,NA,NA,NA,54,8,37,6
57_1,1,57,Ambient+Disease,Chl,21.93,NA,NA,NA,NA,NA,55,8,38,6
57_2,2,57,Ambient+Disease,Chl,13.88,NA,NA,NA,NA,NA,55,8,38,6
57_3,3,57,NH4+Disease,Chl,5.56,NA,NA,NA,NA,NA,55,8,38,6
57_4,4,57,NH4+Disease,Chl,15.29,NA,NA,NA,NA,NA,55,8,38,6
57_5,5,57,Ambient+Placebo,Chl,9.3,NA,NA,NA,NA,NA,55,8,38,6
57_6,6,57,Ambient+Placebo,Chl,5.2,NA,NA,NA,NA,NA,55,8,38,6
57_7,7,57,NH4+Placebo,Chl,9.38,NA,NA,NA,NA,NA,55,8,38,6
57_8,8,57,NH4+Placebo,Chl,4.54,NA,NA,NA,NA,NA,55,8,38,6
58_1,1,58,Ambient+Disease,Chl,20.4,1,NA,NA,NA,NA,55,8,38,6
58_2,2,58,Ambient+Disease,Chl,13.73,1,NA,NA,NA,NA,55,8,38,6
58_3,3,58,NH4+Disease,Chl,7.06,1,NA,NA,NA,NA,55,8,38,6
58_4,4,58,NH4+Disease,Chl,15.75,1,NA,NA,NA,NA,55,8,38,6
58_5,5,58,Ambient+Placebo,Chl,9.28,1,NA,NA,NA,NA,55,8,38,6
58_6,6,58,Ambient+Placebo,Chl,5.95,1,NA,NA,NA,NA,55,8,38,6
58_7,7,58,NH4+Placebo,Chl,10.75,1,NA,NA,NA,NA,55,8,38,6
58_8,8,58,NH4+Placebo,Chl,6.35,1,NA,NA,NA,NA,55,8,38,6
58_1,1,58,Ambient+Disease,Frozen,20.92,4.2,2.8,7.01,4.22,2.63,55,8,38,6
58_2,2,58,Ambient+Disease,Frozen,NA,NA,NA,NA,NA,NA,55,8,38,6
58_3,3,58,NH4+Disease,Frozen,NA,NA,NA,NA,NA,NA,55,8,38,6
58_4,4,58,NH4+Disease,Frozen,15.64,2.2,10.29,15.72,5.43,2.1,55,8,38,6
58_5,5,58,Ambient+Placebo,Frozen,8.79,4.1,2.1,6.04,3.94,2.17,55,8,38,6
58_6,6,58,Ambient+Placebo,Frozen,6.29,4.1,1.1,3.86,2.76,1.54,55,8,38,6
58_7,7,58,NH4+Placebo,Frozen,9.89,2.8,6.4,12.59,6.19,2.47,55,8,38,6
58_8,8,58,NH4+Placebo,Frozen,6.1,3.2,5.53,11.23,5.7,2.11,55,8,38,6
59_1,1,59,Ambient+Disease,Chl,19.55,NA,NA,NA,NA,NA,55,8,38,6
59_2,2,59,Ambient+Disease,Chl,13.19,NA,NA,NA,NA,NA,55,8,38,6
59_3,3,59,NH4+Disease,Chl,6.9,NA,NA,NA,NA,NA,55,8,38,6
59_4,4,59,NH4+Disease,Chl,15.39,NA,NA,NA,NA,NA,55,8,38,6
59_5,5,59,Ambient+Placebo,Chl,8.33,NA,NA,NA,NA,NA,55,8,38,6
59_6,6,59,Ambient+Placebo,Chl,4.95,NA,NA,NA,NA,NA,55,8,38,6
59_7,7,59,NH4+Placebo,Chl,10.07,NA,NA,NA,NA,NA,55,8,38,6
59_8,8,59,NH4+Placebo,Chl,5.45,NA,NA,NA,NA,NA,55,8,38,6
60_1,1,60,Ambient+Disease,Chl,20.01,NA,NA,NA,NA,NA,56,8,39,6
60_2,2,60,Ambient+Disease,Chl,14.12,NA,NA,NA,NA,NA,56,8,39,6
60_3,3,60,NH4+Disease,Chl,11.75,NA,NA,NA,NA,NA,56,8,39,6
60_4,4,60,NH4+Disease,Chl,14.6,NA,NA,NA,NA,NA,56,8,39,6
60_5,5,60,Ambient+Placebo,Chl,7.46,NA,NA,NA,NA,NA,56,8,39,6
60_6,6,60,Ambient+Placebo,Chl,3.6,NA,NA,NA,NA,NA,56,8,39,6
60_7,7,60,NH4+Placebo,Chl,10.49,NA,NA,NA,NA,NA,56,8,39,6
60_8,8,60,NH4+Placebo,Chl,6.34,NA,NA,NA,NA,NA,56,8,39,6
61_1,1,61,Ambient+Disease,Chl,18.74,NA,NA,NA,NA,NA,56,8,39,6
61_2,2,61,Ambient+Disease,Chl,14.43,NA,NA,NA,NA,NA,56,8,39,6
61_3,3,61,NH4+Disease,Chl,14.02,NA,NA,NA,NA,NA,56,8,39,6
61_4,4,61,NH4+Disease,Chl,14.3,NA,NA,NA,NA,NA,56,8,39,6
61_5,5,61,Ambient+Placebo,Chl,5.96,NA,NA,NA,NA,NA,56,8,39,6
61_6,6,61,Ambient+Placebo,Chl,3.5,NA,NA,NA,NA,NA,56,8,39,6
61_7,7,61,NH4+Placebo,Chl,9.28,NA,NA,NA,NA,NA,56,8,39,6
61_8,8,61,NH4+Placebo,Chl,5.77,NA,NA,NA,NA,NA,56,8,39,6
62_1,1,62,Ambient+Disease,frozen,NA,NA,NA,NA,NA,NA,57,8,40,6
62_2,2,62,Ambient+Disease,frozen,12.63,5.5,4.47,12.19,7.72,1.91,57,8,40,6
62_3,3,62,NH4+Disease,frozen,9.7,3,2.32,5.69,3.37,1.16,57,8,40,6
62_4,4,62,NH4+Disease,frozen,13.41,4.8,8.95,14.59,5.64,1.64,57,8,40,6
62_5,5,62,Ambient+Placebo,frozen,7.01,5.9,2.14,6.73,4.6,0.85,57,8,40,6
62_6,6,62,Ambient+Placebo,frozen,7.38,6.5,1.08,3.04,1.95,0.82,57,8,40,6
62_7,7,62,NH4+Placebo,frozen,8.66,4.6,3.65,8.08,4.43,0.54,57,8,40,6
62_8,8,62,NH4+Placebo,frozen,10.25,6.2,3.59,9.75,6.16,0.61,57,8,40,6
63_1,1,63,Ambient+Disease,frozen,15.01,5.7,2.56,6.6,4.03,1.65,57,8,40,6
63_2,2,63,Ambient+Disease,frozen,9.37,4.4,3,8.55,5.55,1.35,57,8,40,6
63_3,3,63,NH4+Disease,frozen,11.7,4.9,3.34,9.28,5.95,1.41,57,8,40,6
63_4,4,63,NH4+Disease,frozen,12.1,5,7.65,13.26,5.61,1.3,57,8,40,6
63_5,5,63,Ambient+Placebo,frozen,6.84,6.3,2.01,6.78,4.77,1.23,57,8,40,6
63_6,6,63,Ambient+Placebo,frozen,6.47,6.2,0.95,3.08,2.14,1.07,57,8,40,6
63_7,7,63,NH4+Placebo,frozen,8.45,4.4,2.93,6.88,3.95,0.98,57,8,40,6
63_8,8,63,NH4+Placebo,frozen,10.7,6.6,3.23,8.74,5.51,1.45,57,8,40,6
64_1,1,64,Ambient+Disease,frozen,7.27,8.7,1.66,7.47,5.81,0.62,58,8,41,6
64_2,2,64,Ambient+Disease,frozen,5.43,6.5,1.97,8.99,7.02,0.64,58,8,41,6
64_3,3,64,NH4+Disease,frozen,10.29,5.7,2.25,8,5.75,0.34,58,8,41,6
64_4,4,64,NH4+Disease,frozen,10.3,5.8,6.26,12.12,5.86,0.43,58,8,41,6
64_5,5,64,Ambient+Placebo,frozen,6.8,8.1,1.85,8.04,6.19,1.24,58,8,41,6
64_6,6,64,Ambient+Placebo,frozen,6.65,8,1.09,5.52,4.43,0.53,58,8,41,6
64_7,7,64,NH4+Placebo,frozen,10.18,8.4,3.23,9.97,6.74,1.82,58,8,41,6
64_8,8,64,NH4+Placebo,frozen,12.54,8.3,3.37,10.5,7.12,0.57,58,8,41,6
65_1,1,65,Ambient+Disease,frozen,6.55,6,1.36,6.5,5.14,1.05,59,9,42,7
65_2,2,65,Ambient+Disease,frozen,4.65,4.4,2.03,10.26,8.23,1.27,59,9,42,7
65_3,3,65,NH4+Disease,frozen,7.29,3.7,2.14,8.72,6.58,0.54,59,9,42,7
65_4,4,65,NH4+Disease,frozen,4.62,4.2,5.29,11.56,6.27,0.47,59,9,42,7
65_5,5,65,Ambient+Placebo,frozen,3.83,6.7,2.17,8.61,6.44,0.74,59,9,42,7
65_6,6,65,Ambient+Placebo,frozen,4.16,7.2,1.29,5.98,4.69,0.62,59,9,42,7
65_7,7,65,NH4+Placebo,frozen,6.19,7.3,3.62,11.3,7.68,0.47,59,9,42,7
65_8,8,65,NH4+Placebo,frozen,8.61,6.8,3.76,11.1,7.34,0.46,59,9,42,7
66_1,1,66,Ambient+Disease,frozen,6.6,4.7,1.28,6.68,5.4,0.95,60,9,43,7
66_2,2,66,Ambient+Disease,frozen,4.81,2.1,1.71,8.85,7.14,1.17,60,9,43,7
66_3,3,66,NH4+Disease,frozen,9.19,3.4,1.73,7.92,6.19,0.58,60,9,43,7
66_4,4,66,NH4+Disease,frozen,6,3.5,3.56,8.44,4.88,0.53,60,9,43,7
66_5,5,66,Ambient+Placebo,frozen,4.64,5.5,2.76,9.97,7.21,1.24,60,9,43,7
66_6,6,66,Ambient+Placebo,frozen,3.84,6.1,1.31,6.06,4.75,0.66,60,9,43,7
66_7,7,66,NH4+Placebo,frozen,5.74,6.3,3.11,10.49,7.39,0.49,60,9,43,7
66_8,8,66,NH4+Placebo,frozen,7.73,6.8,3.65,12.04,8.39,0.59,60,9,43,7
66_9,Vat,66,NA,Frozen,0.65,6.9,0,4.5,4.5,0.14,60,9,43,7
67_1,1,67,Ambient+Disease,frozen,4.95,4.3,1.22,6.83,5.61,2.38,60,9,43,7
67_2,2,67,Ambient+Disease,frozen,4.35,3.8,2.17,12.58,10.41,2.63,60,9,43,7
67_3,3,67,NH4+Disease,frozen,7.22,3.5,1.67,8.06,6.39,1.87,60,9,43,7
67_4,4,67,NH4+Disease,frozen,6.44,4.6,4.12,10.62,6.5,1.83,60,9,43,7
67_5,5,67,Ambient+Placebo,frozen,2.98,5,1.98,7.76,5.78,1.95,60,9,43,7
67_6,6,67,Ambient+Placebo,frozen,2.97,4.9,0.92,4.54,3.63,1.41,60,9,43,7
67_7,7,67,NH4+Placebo,frozen,5.55,7,3.09,11.56,8.48,1.52,60,9,43,7
67_8,8,67,NH4+Placebo,frozen,5.53,4.7,2.26,8.16,5.9,1.22,60,9,43,7
67_9,Vat,67,NA,Frozen,1.11,6.7,0.07,5.16,5.08,2.1,60,9,43,7
68_1,1,68,Ambient+Disease,frozen,3.16,3.3,1.37,8.04,6.67,2.24,61,9,44,7
68_2,2,68,Ambient+Disease,frozen,1.66,1.6,1.56,11.13,9.57,1.79,61,9,44,7
68_3,3,68,NH4+Disease,frozen,6.5,3.7,2.61,13.27,10.67,1.43,61,9,44,7
68_4,4,68,NH4+Disease,frozen,5.58,4.5,4.95,13.47,8.52,1.26,61,9,44,7
68_5,5,68,Ambient+Placebo,frozen,2.27,5.9,1.68,7.86,6.18,0.83,61,9,44,7
68_6,6,68,Ambient+Placebo,frozen,3.57,6.4,1.12,5.98,4.86,0.96,61,9,44,7
68_7,7,68,NH4+Placebo,frozen,4.05,6,2.65,10.18,7.53,0.63,61,9,44,7
68_8,8,68,NH4+Placebo,frozen,5.03,7.2,3.13,13.46,10.33,0.04,61,9,44,7
68_9,Vat,68,NA,Frozen,0.53,10.6,0.1,8.22,8.12,0.18,61,9,44,7
69_1,1,69,Ambient+Disease,frozen,2.3,3.4,1.19,7.32,6.13,0.05,61,9,44,7
69_2,2,69,Ambient+Disease,frozen,1.59,2.1,1.24,9.77,8.53,0.08,61,9,44,7
69_3,3,69,NH4+Disease,frozen,5.23,2.9,1.65,9.47,7.82,0.03,61,9,44,7
69_4,4,69,NH4+Disease,frozen,5.19,4.6,4.16,11.96,7.8,0.02,61,9,44,7
69_5,5,69,Ambient+Placebo,frozen,2.47,7.5,1.31,6.73,5.42,0.05,61,9,44,7
69_6,6,69,Ambient+Placebo,frozen,3.49,7.4,0.94,5.34,4.4,0.04,61,9,44,7
69_7,7,69,NH4+Placebo,frozen,4.63,6.5,1.96,8.51,6.54,3.03,61,9,44,7
69_8,8,69,NH4+Placebo,frozen,5.05,6.8,1.99,9.6,7.61,3.67,61,9,44,7
69_9,Vat,69,NA,Frozen,0.45,8.6,0.07,6.9,6.83,3.06,61,9,44,7
70_1,1,70,Ambient+Disease,frozen,2.08,3.7,1.25,7.29,6.05,3.26,62,9,45,7
70_2,2,70,Ambient+Disease,frozen,1.52,2.7,0.92,9.2,8.28,3.02,62,9,45,7
70_3,3,70,NH4+Disease,frozen,6.92,4.2,1.79,10.68,8.9,3.17,62,9,45,7
70_4,4,70,NH4+Disease,frozen,6.08,5.4,3.93,12.71,8.78,1.69,62,9,45,7
70_5,5,70,Ambient+Placebo,frozen,2.48,7.2,1.16,7.8,6.65,2.25,62,9,45,7
70_6,6,70,Ambient+Placebo,frozen,3.34,7.4,1.05,7.01,5.96,2.27,62,9,45,7
70_7,7,70,NH4+Placebo,frozen,5.61,6.9,2.09,10.19,8.1,2.52,62,9,45,7
70_8,8,70,NH4+Placebo,frozen,6.7,7.4,2.03,11.51,9.48,0.98,62,9,45,7
70_9,Vat,70,NA,Frozen,0.32,9.7,0.07,7.9,7.83,1.47,62,9,45,7
71_1,1,71,Ambient+Disease,frozen,2.46,4.2,1.08,7.37,6.29,1.98,62,9,45,7
71_2,2,71,Ambient+Disease,frozen,1.73,3.3,0.89,8.9,8.01,1.45,62,9,45,7
71_3,3,71,NH4+Disease,frozen,6.99,4.7,1.73,10.71,8.98,0.8,62,9,45,7
71_4,4,71,NH4+Disease,frozen,6.31,6.1,3.89,12.89,9,0.57,62,9,45,7
71_5,5,71,Ambient+Placebo,frozen,2.69,7.9,1.14,7.7,6.56,0.61,62,9,45,7
71_6,6,71,Ambient+Placebo,frozen,3.61,7.9,1.02,6.71,5.69,0.78,62,9,45,7
71_7,7,71,NH4+Placebo,frozen,5.22,7.8,2.23,11.6,9.38,0.71,62,9,45,7
71_8,8,71,NH4+Placebo,frozen,6.54,7.7,1.85,12.13,10.28,0.86,62,9,45,7
71_9,Vat,71,NA,Frozen,0,9.7,0.07,8.79,8.72,0.11,62,9,45,7
72_1,1,72,Ambient+Disease,frozen,0.57,3,0.98,7.06,6.09,0.34,63,9,46,7
72_2,2,72,Ambient+Disease,frozen,3.59,4.4,1.07,9.94,8.88,0.48,63,9,46,7
72_3,3,72,NH4+Disease,frozen,6.73,3.2,1.66,11.51,9.85,0.33,63,9,46,7
72_4,4,72,NH4+Disease,frozen,6,4,3.29,11.84,8.54,0.24,63,9,46,7
72_5,5,72,Ambient+Placebo,frozen,3.74,5.5,0.8,5.59,4.79,0.26,63,9,46,7
72_6,6,72,Ambient+Placebo,frozen,3.78,5.9,0.68,4.71,4.03,0.31,63,9,46,7
72_7,7,72,NH4+Placebo,frozen,5.21,6.4,2.34,11.29,8.95,0.22,63,9,46,7
72_8,8,72,NH4+Placebo,frozen,5.08,5.6,1.46,9.97,8.51,0.21,63,9,46,7
72_9,Vat,72,NA,Frozen,2.17,8.3,0.07,7.25,7.17,0.05,63,9,46,7
73_1,1,73,Ambient+Disease,frozen,2.24,NA,NA,NA,NA,NA,63,9,46,7
73_2,2,73,Ambient+Disease,frozen,5.41,NA,NA,NA,NA,NA,63,9,46,7
73_3,3,73,NH4+Disease,frozen,6.5,NA,NA,NA,NA,NA,63,9,46,7
73_4,4,73,NH4+Disease,frozen,5.66,NA,NA,NA,NA,NA,63,9,46,7
73_5,5,73,Ambient+Placebo,frozen,2.2,NA,NA,NA,NA,NA,63,9,46,7
73_6,6,73,Ambient+Placebo,frozen,2.56,NA,NA,NA,NA,NA,63,9,46,7
73_7,7,73,NH4+Placebo,frozen,5.2,NA,NA,NA,NA,NA,63,9,46,7
73_8,8,73,NH4+Placebo,frozen,4.84,NA,NA,NA,NA,NA,63,9,46,7
73_9,Vat,73,NA,frozen,0.33,NA,NA,NA,NA,NA,63,9,46,7
74_1,1,74,Ambient+Disease,frozen,3.26,NA,NA,NA,NA,NA,64,9,47,7
74_2,2,74,Ambient+Disease,frozen,13.13,NA,NA,NA,NA,NA,64,9,47,7
74_3,3,74,NH4+Disease,frozen,8.37,NA,NA,NA,NA,NA,64,9,47,7
74_4,4,74,NH4+Disease,frozen,5.81,NA,NA,NA,NA,NA,64,9,47,7
74_5,5,74,Ambient+Placebo,frozen,3.65,NA,NA,NA,NA,NA,64,9,47,7
74_6,6,74,Ambient+Placebo,frozen,2.97,NA,NA,NA,NA,NA,64,9,47,7
74_7,7,74,NH4+Placebo,frozen,5.3,NA,NA,NA,NA,NA,64,9,47,7
74_8,8,74,NH4+Placebo,frozen,4.85,NA,NA,NA,NA,NA,64,9,47,7
74_9,Vat,74,NA,frozen,0.56,NA,NA,NA,NA,NA,64,9,47,7
75_1,1,75,Ambient+Disease,frozen,10.17,NA,NA,NA,NA,NA,64,9,47,7
75_2,2,75,Ambient+Disease,frozen,8.67,NA,NA,NA,NA,NA,64,9,47,7
75_3,3,75,NH4+Disease,frozen,12.45,NA,NA,NA,NA,NA,64,9,47,7
75_4,4,75,NH4+Disease,frozen,10.27,NA,NA,NA,NA,NA,64,9,47,7
75_5,5,75,Ambient+Placebo,frozen,9.38,NA,NA,NA,NA,NA,64,9,47,7
75_6,6,75,Ambient+Placebo,frozen,13.01,NA,NA,NA,NA,NA,64,9,47,7
75_7,7,75,NH4+Placebo,frozen,9.97,NA,NA,NA,NA,NA,64,9,47,7
75_8,8,75,NH4+Placebo,frozen,11.63,NA,NA,NA,NA,NA,64,9,47,7
75_9,Vat,75,NA,frozen,0.42,NA,NA,NA,NA,NA,64,9,47,7
76_1,1,76,Ambient+Disease,frozen,10.99,NA,NA,NA,NA,NA,53,8,49,8
76_2,2,76,Ambient+Disease,frozen,12.61,NA,NA,NA,NA,NA,53,8,49,8
76_3,3,76,NH4+Disease,frozen,15.02,NA,NA,NA,NA,NA,53,8,49,8
76_4,4,76,NH4+Disease,frozen,10.65,NA,NA,NA,NA,NA,53,8,49,8
76_5,5,76,Ambient+Placebo,frozen,8.43,NA,NA,NA,NA,NA,53,8,49,8
76_6,6,76,Ambient+Placebo,frozen,12.11,NA,NA,NA,NA,NA,53,8,49,8
76_7,7,76,NH4+Placebo,frozen,8.69,NA,NA,NA,NA,NA,53,8,49,8
76_8,8,76,NH4+Placebo,frozen,7.19,NA,NA,NA,NA,NA,53,8,49,8
77_1,1,77,Ambient+Disease,frozen,8.74,NA,NA,NA,NA,NA,53,8,49,8
77_2,2,77,Ambient+Disease,frozen,10.46,NA,NA,NA,NA,NA,53,8,49,8
77_3,3,77,NH4+Disease,frozen,11.89,NA,NA,NA,NA,NA,53,8,49,8
77_4,4,77,NH4+Disease,frozen,9.02,NA,NA,NA,NA,NA,53,8,49,8
77_5,5,77,Ambient+Placebo,frozen,7.74,NA,NA,NA,NA,NA,53,8,49,8
77_6,6,77,Ambient+Placebo,frozen,11.49,NA,NA,NA,NA,NA,53,8,49,8
77_7,7,77,NH4+Placebo,frozen,7.73,NA,NA,NA,NA,NA,53,8,49,8
77_8,8,77,NH4+Placebo,frozen,7.86,NA,NA,NA,NA,NA,53,8,49,8
77_9,Vat,77,NA,frozen,0.29,NA,NA,NA,NA,NA,53,8,49,8
78_1,1,78,Ambient+Disease,frozen,14.82,NA,NA,NA,NA,NA,54,8,50,8
78_2,2,78,Ambient+Disease,frozen,15.76,NA,NA,NA,NA,NA,54,8,50,8
78_3,3,78,NH4+Disease,frozen,17.77,NA,NA,NA,NA,NA,54,8,50,8
78_4,4,78,NH4+Disease,frozen,14.31,NA,NA,NA,NA,NA,54,8,50,8
78_5,5,78,Ambient+Placebo,frozen,10.76,NA,NA,NA,NA,NA,54,8,50,8
78_6,6,78,Ambient+Placebo,frozen,13.22,NA,NA,NA,NA,NA,54,8,50,8
78_7,7,78,NH4+Placebo,frozen,10.81,NA,NA,NA,NA,NA,54,8,50,8
78_8,8,78,NH4+Placebo,frozen,7.73,NA,NA,NA,NA,NA,54,8,50,8
78_9,Vat,78,NA,frozen,0.39,NA,NA,NA,NA,NA,54,8,50,8
79_1,1,79,Ambient+Disease,frozen,7.33,NA,NA,NA,NA,NA,54,8,50,8
79_2,2,79,Ambient+Disease,frozen,9.17,NA,NA,NA,NA,NA,54,8,50,8
79_3,3,79,NH4+Disease,frozen,10.64,NA,NA,NA,NA,NA,54,8,50,8
79_4,4,79,NH4+Disease,frozen,10.34,NA,NA,NA,NA,NA,54,8,50,8
79_5,5,79,Ambient+Placebo,frozen,8.59,NA,NA,NA,NA,NA,54,8,50,8
79_6,6,79,Ambient+Placebo,frozen,9.5,NA,NA,NA,NA,NA,54,8,50,8
79_7,7,79,NH4+Placebo,frozen,5.2,NA,NA,NA,NA,NA,54,8,50,8
79_8,8,79,NH4+Placebo,frozen,3.45,NA,NA,NA,NA,NA,54,8,50,8
79_9,Vat,79,NA,frozen,0.28,NA,NA,NA,NA,NA,54,8,50,8
80_1,1,80,Ambient+Disease,frozen,11.43,NA,NA,NA,NA,NA,55,8,51,8
80_2,2,80,Ambient+Disease,frozen,4.38,NA,NA,NA,NA,NA,55,8,51,8
80_3,3,80,NH4+Disease,frozen,9.18,NA,NA,NA,NA,NA,55,8,51,8
80_4,4,80,NH4+Disease,frozen,8.24,NA,NA,NA,NA,NA,55,8,51,8
80_5,5,80,Ambient+Placebo,frozen,7.08,NA,NA,NA,NA,NA,55,8,51,8
80_6,6,80,Ambient+Placebo,frozen,4.08,NA,NA,NA,NA,NA,55,8,51,8
80_7,7,80,NH4+Placebo,frozen,1.19,NA,NA,NA,NA,NA,55,8,51,8
80_8,8,80,NH4+Placebo,frozen,1.4,NA,NA,NA,NA,NA,55,8,51,8
80_9,Vat,80,NA,frozen,0.21,NA,NA,NA,NA,NA,55,8,51,8
81_1,1,81,Ambient+Disease,frozen,11.2,NA,NA,NA,NA,NA,55,8,51,8
81_2,2,81,Ambient+Disease,frozen,1.41,NA,NA,NA,NA,NA,55,8,51,8
81_3,3,81,NH4+Disease,frozen,19.47,NA,NA,NA,NA,NA,55,8,51,8
81_4,4,81,NH4+Disease,frozen,17.87,NA,NA,NA,NA,NA,55,8,51,8
81_5,5,81,Ambient+Placebo,frozen,4.5,NA,NA,NA,NA,NA,55,8,51,8
81_6,6,81,Ambient+Placebo,frozen,0.61,NA,NA,NA,NA,NA,55,8,51,8
81_7,7,81,NH4+Placebo,frozen,11.45,NA,NA,NA,NA,NA,55,8,51,8
81_8,8,81,NH4+Placebo,frozen,13.11,NA,NA,NA,NA,NA,55,8,51,8
81_9,Vat,81,NA,frozen,0.27,NA,NA,NA,NA,NA,55,8,51,8
82_1,1,82,Ambient+Disease,frozen,27.44,NA,NA,NA,NA,NA,56,8,52,8
82_2,2,82,Ambient+Disease,frozen,1.76,NA,NA,NA,NA,NA,56,8,52,8
82_3,3,82,NH4+Disease,frozen,14.51,NA,NA,NA,NA,NA,56,8,52,8
82_4,4,82,NH4+Disease,frozen,12.17,NA,NA,NA,NA,NA,56,8,52,8
82_5,5,82,Ambient+Placebo,frozen,0.97,NA,NA,NA,NA,NA,56,8,52,8
82_6,6,82,Ambient+Placebo,frozen,0.72,NA,NA,NA,NA,NA,56,8,52,8
82_7,7,82,NH4+Placebo,frozen,1.34,NA,NA,NA,NA,NA,56,8,52,8
82_8,8,82,NH4+Placebo,frozen,2.57,NA,NA,NA,NA,NA,56,8,52,8
82_9,Vat,82,NA,frozen,0.16,NA,NA,NA,NA,NA,56,8,52,8
83_1,1,83,Ambient+Disease,frozen,20.81,NA,NA,NA,NA,NA,56,8,52,8
83_2,2,83,Ambient+Disease,frozen,1.09,NA,NA,NA,NA,NA,56,8,52,8
83_3,3,83,NH4+Disease,frozen,10.77,NA,NA,NA,NA,NA,56,8,52,8
83_4,4,83,NH4+Disease,frozen,7.06,NA,NA,NA,NA,NA,56,8,52,8
83_5,5,83,Ambient+Placebo,frozen,0.39,NA,NA,NA,NA,NA,56,8,52,8
83_6,6,83,Ambient+Placebo,frozen,0.6,NA,NA,NA,NA,NA,56,8,52,8
83_7,7,83,NH4+Placebo,frozen,0.86,NA,NA,NA,NA,NA,56,8,52,8
83_8,8,83,NH4+Placebo,frozen,0.84,NA,NA,NA,NA,NA,56,8,52,8
83_9,Vat,83,NA,Frozen,0.23,NA,NA,NA,NA,NA,56,8,52,8
84_1,1,84,Ambient+Disease,frozen,23.57,NA,NA,NA,NA,NA,57,8,53,8
84_2,2,84,Ambient+Disease,frozen,0.95,NA,NA,NA,NA,NA,57,8,53,8
84_3,3,84,NH4+Disease,frozen,19.83,NA,NA,NA,NA,NA,57,8,53,8
84_4,4,84,NH4+Disease,frozen,8.8,NA,NA,NA,NA,NA,57,8,53,8
84_5,5,84,Ambient+Placebo,frozen,0.76,NA,NA,NA,NA,NA,57,8,53,8
84_6,6,84,Ambient+Placebo,frozen,0.53,NA,NA,NA,NA,NA,57,8,53,8
84_7,7,84,NH4+Placebo,frozen,0.93,NA,NA,NA,NA,NA,57,8,53,8
84_8,8,84,NH4+Placebo,frozen,1.62,NA,NA,NA,NA,NA,57,8,53,8
85_1,1,85,Ambient+Disease,frozen,9.93,NA,NA,NA,NA,NA,57,8,53,8
85_2,2,85,Ambient+Disease,frozen,0.83,NA,NA,NA,NA,NA,57,8,53,8
85_3,3,85,NH4+Disease,frozen,19.5,NA,NA,NA,NA,NA,57,8,53,8
85_4,4,85,NH4+Disease,frozen,15.7,NA,NA,NA,NA,NA,57,8,53,8
85_5,5,85,Ambient+Placebo,frozen,0.35,NA,NA,NA,NA,NA,57,8,53,8
85_6,6,85,Ambient+Placebo,frozen,0.43,NA,NA,NA,NA,NA,57,8,53,8
85_7,7,85,NH4+Placebo,frozen,11.2,NA,NA,NA,NA,NA,57,8,53,8
85_8,8,85,NH4+Placebo,frozen,10.58,NA,NA,NA,NA,NA,57,8,53,8
85_9,Vat,85,NA,frozen,0.12,NA,NA,NA,NA,NA,57,8,53,8
86_1,1,86,Ambient+Disease,frozen,1.086,10.434,0.4,6.434,6.034,0.396,58,8,54,8
86_2,2,86,Ambient+Disease,frozen,0.99,7.099,0.282,3.91,3.628,0.434,58,8,54,8
86_3,3,86,NH4+Disease,frozen,12.442,7.555,0.334,4.382,4.048,0.373,58,8,54,8
86_4,4,86,NH4+Disease,frozen,11.781,7.005,0.351,4.179,3.828,0.202,58,8,54,8
86_5,5,86,Ambient+Placebo,frozen,0.165,7.203,0.243,3.73,3.487,0.134,58,8,54,8
86_6,6,86,Ambient+Placebo,frozen,0.146,7.36,0.354,2.672,2.318,0.085,58,8,54,8
86_7,7,86,NH4+Placebo,frozen,10.092,6.944,0.279,3.829,3.55,0.222,58,8,54,8
86_8,8,86,NH4+Placebo,frozen,10.032,7.295,0.294,4.266,3.972,0.193,58,8,54,8
86_9,Vat,86,NA,frozen,0,14.609,0.111,7.431,7.32,0.159,58,8,54,8
87_1,1,87,Ambient+Disease,frozen,1.976,6.156,0.37,3.03,2.66,0.236,59,9,55,8
87_2,2,87,Ambient+Disease,frozen,0.793,6.022,0.367,2.95,2.583,0.15,59,9,55,8
87_3,3,87,NH4+Disease,frozen,13.617,6.384,0.622,4.162,3.54,0.455,59,9,55,8
87_4,4,87,NH4+Disease,frozen,12.478,5.437,0.735,4.517,3.782,0.117,59,9,55,8
87_5,5,87,Ambient+Placebo,frozen,0.293,5.717,0.315,1.042,0.727,0.082,59,9,55,8
87_6,6,87,Ambient+Placebo,frozen,0.198,6.039,0.117,0.214,0.097,0.09,59,9,55,8
87_7,7,87,NH4+Placebo,frozen,5.576,4.864,0.444,3.051,2.607,0.092,59,9,55,8
87_8,8,87,NH4+Placebo,frozen,6.095,4.435,0.447,3.451,3.004,0.106,59,9,55,8
87_9,Vat,87,NA,frozen,0.274,7.199,0.054,3.712,3.658,0.093,59,9,55,8
88_1,1,88,Ambient+Disease,frozen,14.903,4.322,0.774,3.322,2.548,1.601,60,9,56,9
88_2,2,88,Ambient+Disease,frozen,5.96,3.287,0.476,2.217,1.741,0.378,60,9,56,9
88_3,3,88,NH4+Disease,frozen,10.129,4.09,0.832,3.835,3.003,0.333,60,9,56,9
88_4,4,88,NH4+Disease,frozen,11.73,2.398,1.343,5.377,4.034,0.156,60,9,56,9
88_5,5,88,Ambient+Placebo,frozen,0.975,3.5,0.157,0.6,0.443,0.058,60,9,56,9
88_6,6,88,Ambient+Placebo,frozen,1.759,3.463,0.076,0.827,0.751,0.079,60,9,56,9
88_7,7,88,NH4+Placebo,frozen,1.575,1.472,0.545,2.083,1.538,0.205,60,9,56,9
88_8,8,88,NH4+Placebo,frozen,2.96,2.294,0.585,3.17,2.585,0.061,60,9,56,9
89_1,1,89,Ambient+Disease,frozen,5.953,2.03,0.702,3.731,3.029,0.833,61,9,57,9
89_2,2,89,Ambient+Disease,frozen,0.969,0.546,0.34,0.716,0.376,0.116,61,9,57,9
89_3,3,89,NH4+Disease,frozen,0.699,1.621,0.132,0.225,0.093,0.07,61,9,57,9
89_4,4,89,NH4+Disease,frozen,1.108,0,0.532,0.691,0.159,0.129,61,9,57,9
89_5,5,89,Ambient+Placebo,frozen,0.641,1.445,0.042,0.055,0.013,0.04,61,9,57,9
89_6,6,89,Ambient+Placebo,frozen,1.21,2.074,0.051,0.252,0.201,0.132,61,9,57,9
89_7,7,89,NH4+Placebo,frozen,1.004,0.473,0.066,0.06,0,0.168,61,9,57,9
89_8,8,89,NH4+Placebo,frozen,0.933,0.903,0.119,0.155,0.036,0.11,61,9,57,9
90_1,1,90,Ambient+Disease,frozen,0.152,5.572,0.415,4.011,3.596,0.077,61,9,57,9
90_2,2,90,Ambient+Disease,frozen,0.181,3.35,0.368,1.419,1.051,0.044,61,9,57,9
90_3,3,90,NH4+Disease,frozen,6.306,3.586,0.143,0.505,0.362,0.026,61,9,57,9
90_4,4,90,NH4+Disease,frozen,8.022,3.193,4.566,24.514,19.948,4.049,61,9,57,9
90_5,5,90,Ambient+Placebo,frozen,0.243,3.513,0.079,0.094,0.015,0.164,61,9,57,9
90_6,6,90,Ambient+Placebo,frozen,0.183,3.828,0.041,0.21,0.169,0.061,61,9,57,9
90_7,7,90,NH4+Placebo,frozen,3.364,2.54,0,0,0,0.065,61,9,57,9
90_8,8,90,NH4+Placebo,frozen,5.531,3.415,0.301,0.634,0.333,0.067,61,9,57,9
91_1,1,91,Ambient+Disease,frozen,0.494,0.612,0.081,0.527,0.446,0.089,62,9,58,9
91_2,2,91,Ambient+Disease,frozen,0.525,0.509,0.058,0.373,0.315,0.049,62,9,58,9
91_3,3,91,NH4+Disease,frozen,0.252,0.207,0.036,0.236,0.2,0.037,62,9,58,9
91_4,4,91,NH4+Disease,frozen,0.42,0,0.075,0.244,0.169,0.084,62,9,58,9
91_5,5,91,Ambient+Placebo,frozen,0.784,0.447,0.039,0.21,0.171,0.033,62,9,58,9
91_6,6,91,Ambient+Placebo,frozen,0.231,0.505,0.035,0.156,0.121,0.007,62,9,58,9
91_7,7,91,NH4+Placebo,frozen,0.278,0,0.031,0.144,0.113,0.044,62,9,58,9
91_8,8,91,NH4+Placebo,frozen,0.747,0.306,0.116,0.2,0.084,0.078,62,9,58,9
91_9,Vat,91,NA,frozen,0.348,8.99,0.109,6.761,6.652,0.062,62,9,58,9
92_1,1,92,Ambient+Disease,frozen,0.287,0.559,0.102,1.06,0.958,0.066,62,9,58,9
92_2,2,92,Ambient+Disease,frozen,0.209,0.761,0.107,0.23,0.123,0.097,62,9,58,9
92_3,3,92,NH4+Disease,frozen,4.237,0.497,0.062,0.219,0.157,0.074,62,9,58,9
92_4,4,92,NH4+Disease,frozen,4.347,0,0.062,0.159,0.097,0.047,62,9,58,9
92_5,5,92,Ambient+Placebo,frozen,1.102,0.672,0.081,0.416,0.335,0.05,62,9,58,9
92_6,6,92,Ambient+Placebo,frozen,0.261,0.604,0.042,0.181,0.139,0.019,62,9,58,9
92_7,7,92,NH4+Placebo,frozen,4.776,0.213,0.055,0.142,0.087,0.055,62,9,58,9
92_8,8,92,NH4+Placebo,frozen,4.743,0.675,0.12,0.179,0.059,0.258,62,9,58,9
