"Fragment","Date.0","Genotype.0","Tank.0","A_Tank.0","Nutrients.0","Disease.0","YII.0","Sample.0","Date.2","Genotype.2","Tank.2","A_Tank.2","Nutrients.2","Disease.2","YII.2","Sample.2","Date.3","Genotype.3","Tank.3","A_Tank.3","Nutrients.3","Disease.3","YII.3","Sample.3"
"A175","2020-08-12","FM19","1","3","NH4","Pathogen",0.684,"2020-08-12_A175","2020-09-02","FM19","7","3","NH4","Pathogen",0.654,"2020-09-02_A175","2020-09-11","FM19","3","3","NH4","Pathogen",0.59,"2020-09-11_A175"
"A176","2020-08-12","FM19","1","4","NH4","Pathogen",0.705,"2020-08-12_A176","2020-09-02","FM19","4","4","NH4","Pathogen",0.596,"2020-09-02_A176","2020-09-11","FM19","4","4","NH4","Pathogen",0.661,"2020-09-11_A176"
"A177","2020-08-12","FM19","1","6","Ambient","Pathogen",0.704,"2020-08-12_A177","2020-09-02","FM19","6","6","Ambient","Pathogen",0.666,"2020-09-02_A177","2020-09-11","FM19","6","6","Ambient","Pathogen",0.642,"2020-09-11_A177"
"A178","2020-08-12","FM19","1","6","Ambient","Placebo",0.689,"2020-08-12_A178","2020-09-02","FM19","6","6","Ambient","Placebo",0.586,"2020-09-02_A178","2020-09-11","FM19","6","6","Ambient","Placebo",0.602,"2020-09-11_A178"
"A179","2020-08-12","FM19","1","4","NH4","Pathogen",0.687,"2020-08-12_A179","2020-09-02","FM19","4","4","NH4","Pathogen",0.587,"2020-09-02_A179","2020-09-11","FM19","4","4","NH4","Pathogen",0.599,"2020-09-11_A179"
"A180","2020-08-12","FM19","1","5","Ambient","Pathogen",0.695,"2020-08-12_A180","2020-09-02","FM19","5","5","Ambient","Pathogen",0.614,"2020-09-02_A180","2020-09-11","FM19","5","5","Ambient","Pathogen",0.556,"2020-09-11_A180"
"A181","2020-08-12","FM19","1","5","Ambient","Pathogen",0.696,"2020-08-12_A181","2020-09-02","FM19","5","5","Ambient","Pathogen",0.665,"2020-09-02_A181","2020-09-11","FM19","5","5","Ambient","Pathogen",0.653,"2020-09-11_A181"
"A182","2020-08-12","FM19","1","7","Ambient","Pathogen",0.688,"2020-08-12_A182","2020-09-02","FM19","3","7","Ambient","Pathogen",0.635,"2020-09-02_A182","2020-09-11","FM19","7","7","Ambient","Pathogen",0.61,"2020-09-11_A182"
"A183","2020-08-12","FM19","1","2","NH4","Pathogen",0.679,"2020-08-12_A183","2020-09-02","FM19","2","2","NH4","Pathogen",0.616,"2020-09-02_A183","2020-09-11","FM19","2","2","NH4","Pathogen",0.571,"2020-09-11_A183"
"A184","2020-08-12","FM19","1","1","NH4","Pathogen",0.693,"2020-08-12_A184","2020-09-02","FM19","1","1","NH4","Pathogen",0.655,"2020-09-02_A184","2020-09-11","FM19","1","1","NH4","Pathogen",0.618,"2020-09-11_A184"
"A185","2020-08-12","FM19","1","2","NH4","Placebo",0.688,"2020-08-12_A185","2020-09-02","FM19","2","2","NH4","Placebo",0.626,"2020-09-02_A185","2020-09-11","FM19","2","2","NH4","Placebo",0.547,"2020-09-11_A185"
"A186","2020-08-12","FM19","1","7","Ambient","Placebo",0.695,"2020-08-12_A186","2020-09-02","FM19","3","7","Ambient","Placebo",0.607,"2020-09-02_A186","2020-09-11","FM19","7","7","Ambient","Placebo",0.613,"2020-09-11_A186"
"A187","2020-08-12","FM19","1","8","Ambient","Pathogen",0.682,"2020-08-12_A187","2020-09-02","FM19","8","8","Ambient","Pathogen",0.583,"2020-09-02_A187","2020-09-11","FM19","8","8","Ambient","Pathogen",0.58,"2020-09-11_A187"
"A188","2020-08-12","FM19","1","2","NH4","Placebo",0.677,"2020-08-12_A188","2020-09-02","FM19","2","2","NH4","Placebo",0.586,"2020-09-02_A188","2020-09-11","FM19","2","2","NH4","Placebo",0.594,"2020-09-11_A188"
"A189","2020-08-12","FM19","1","5","Ambient","Placebo",0.678,"2020-08-12_A189","2020-09-02","FM19","5","5","Ambient","Placebo",0.591,"2020-09-02_A189","2020-09-11","FM19","5","5","Ambient","Placebo",0.573,"2020-09-11_A189"
"A190","2020-08-12","FM19","1","3","NH4","Placebo",0.654,"2020-08-12_A190","2020-09-02","FM19","7","3","NH4","Placebo",0.654,"2020-09-02_A190","2020-09-11","FM19","3","3","NH4","Placebo",0.616,"2020-09-11_A190"
"A191","2020-08-12","FM19","1","7","Ambient","Placebo",0.688,"2020-08-12_A191","2020-09-02","FM19","3","7","Ambient","Placebo",0.623,"2020-09-02_A191","2020-09-11","FM19","7","7","Ambient","Placebo",0.618,"2020-09-11_A191"
"A192","2020-08-12","FM19","1","1","NH4","Placebo",0.675,"2020-08-12_A192","2020-09-02","FM19","1","1","NH4","Placebo",0.647,"2020-09-02_A192","2020-09-11","FM19","1","1","NH4","Placebo",0.57,"2020-09-11_A192"
"A193","2020-08-12","FM19","1","8","Ambient","Placebo",0.691,"2020-08-12_A193","2020-09-02","FM19","8","8","Ambient","Placebo",0.651,"2020-09-02_A193","2020-09-11","FM19","8","8","Ambient","Placebo",0.616,"2020-09-11_A193"
"A194","2020-08-12","FM19","1","6","Ambient","Pathogen",0.696,"2020-08-12_A194","2020-09-02","FM19","6","6","Ambient","Pathogen",0.595,"2020-09-02_A194","2020-09-11","FM19","6","6","Ambient","Pathogen",0.622,"2020-09-11_A194"
"A195","2020-08-12","FM19","1","3","NH4","Pathogen",0.7,"2020-08-12_A195","2020-09-02","FM19","7","3","NH4","Pathogen",0.637,"2020-09-02_A195","2020-09-11","FM19","3","3","NH4","Pathogen",0.578,"2020-09-11_A195"
"A196","2020-08-12","FM19","1","1","NH4","Placebo",0.686,"2020-08-12_A196","2020-09-02","FM19","1","1","NH4","Placebo",0.625,"2020-09-02_A196","2020-09-11","FM19","1","1","NH4","Placebo",0.625,"2020-09-11_A196"
"A197","2020-08-12","FM19","1","8","Ambient","Placebo",0.697,"2020-08-12_A197","2020-09-02","FM19","8","8","Ambient","Placebo",0.621,"2020-09-02_A197","2020-09-11","FM19","8","8","Ambient","Placebo",0.613,"2020-09-11_A197"
"A198","2020-08-12","FM19","1","4","NH4","Placebo",0.697,"2020-08-12_A198","2020-09-02","FM19","4","4","NH4","Placebo",0.567,"2020-09-02_A198","2020-09-11","FM19","4","4","NH4","Placebo",0.622,"2020-09-11_A198"
"A199","2020-08-12","FM9","3","4","NH4","Pathogen",0.69,"2020-08-12_A199","2020-09-02","FM9","4","4","NH4","Pathogen",0.565,"2020-09-02_A199","2020-09-11","FM9","4","4","NH4","Pathogen",0.64,"2020-09-11_A199"
"A200","2020-08-12","FM9","3","5","Ambient","Pathogen",0.689,"2020-08-12_A200","2020-09-02","FM9","5","5","Ambient","Pathogen",0.636,"2020-09-02_A200","2020-09-11","FM9","5","5","Ambient","Pathogen",0.599,"2020-09-11_A200"
"201","2020-08-12","FM9","3","3","NH4","Pathogen",0.689,"2020-08-12_201","2020-09-02","FM9","7","3","NH4","Pathogen",0.654,"2020-09-02_201","2020-09-11","FM9","3","3","NH4","Pathogen",0.578,"2020-09-11_201"
"202","2020-08-12","FM9","3","3","NH4","Pathogen",0.696,"2020-08-12_202","2020-09-02","FM9","7","3","NH4","Pathogen",0.638,"2020-09-02_202","2020-09-11","FM9","3","3","NH4","Pathogen",0.612,"2020-09-11_202"
"204","2020-08-12","FM9","3","4","NH4","Placebo",0.694,"2020-08-12_204","2020-09-02","FM9","4","4","NH4","Placebo",0.606,"2020-09-02_204","2020-09-11","FM9","4","4","NH4","Placebo",0.644,"2020-09-11_204"
"205","2020-08-12","FM9","3","1","NH4","Pathogen",0.651,"2020-08-12_205","2020-09-02","FM9","1","1","NH4","Pathogen",0.51,"2020-09-02_205","2020-09-11","FM9","1","1","NH4","Pathogen",0.573,"2020-09-11_205"
"207","2020-08-12","FM9","3","8","Ambient","Placebo",0.698,"2020-08-12_207","2020-09-02","FM9","8","8","Ambient","Placebo",0.634,"2020-09-02_207","2020-09-11","FM9","8","8","Ambient","Placebo",0.64,"2020-09-11_207"
"208","2020-08-12","FM9","3","7","Ambient","Placebo",0.688,"2020-08-12_208","2020-09-02","FM9","3","7","Ambient","Placebo",0.604,"2020-09-02_208","2020-09-11","FM9","7","7","Ambient","Placebo",0.57,"2020-09-11_208"
"209","2020-08-12","FM9","3","8","Ambient","Placebo",0.694,"2020-08-12_209","2020-09-02","FM9","8","8","Ambient","Placebo",0.585,"2020-09-02_209","2020-09-11","FM9","8","8","Ambient","Placebo",0.585,"2020-09-11_209"
"211","2020-08-12","FM9","3","2","NH4","Placebo",0.693,"2020-08-12_211","2020-09-02","FM9","2","2","NH4","Placebo",0.648,"2020-09-02_211","2020-09-11","FM9","2","2","NH4","Placebo",0.606,"2020-09-11_211"
"214","2020-08-12","FM9","3","2","NH4","Placebo",0.686,"2020-08-12_214","2020-09-02","FM9","2","2","NH4","Placebo",0.618,"2020-09-02_214","2020-09-11","FM9","2","2","NH4","Placebo",0.597,"2020-09-11_214"
"215","2020-08-12","FM9","3","3","NH4","Placebo",0.676,"2020-08-12_215","2020-09-02","FM9","7","3","NH4","Placebo",0.638,"2020-09-02_215","2020-09-11","FM9","3","3","NH4","Placebo",0.598,"2020-09-11_215"
"216","2020-08-12","FM9","3","4","NH4","Pathogen",0.692,"2020-08-12_216","2020-09-02","FM9","4","4","NH4","Pathogen",0.589,"2020-09-02_216","2020-09-11","FM9","4","4","NH4","Pathogen",0.576,"2020-09-11_216"
"217","2020-08-12","FM9","3","6","Ambient","Pathogen",0.697,"2020-08-12_217","2020-09-02","FM9","6","6","Ambient","Pathogen",0.658,"2020-09-02_217","2020-09-11","FM9","6","6","Ambient","Pathogen",0.594,"2020-09-11_217"
"218","2020-08-12","FM9","3","7","Ambient","Placebo",0.696,"2020-08-12_218","2020-09-02","FM9","3","7","Ambient","Placebo",0.606,"2020-09-02_218","2020-09-11","FM9","7","7","Ambient","Placebo",0.625,"2020-09-11_218"
"220","2020-08-12","FM9","3","1","NH4","Placebo",0.697,"2020-08-12_220","2020-09-02","FM9","1","1","NH4","Placebo",0.631,"2020-09-02_220","2020-09-11","FM9","1","1","NH4","Placebo",0.608,"2020-09-11_220"
"221","2020-08-12","FM9","3","6","Ambient","Placebo",0.697,"2020-08-12_221","2020-09-02","FM9","6","6","Ambient","Placebo",0.49,"2020-09-02_221","2020-09-11","FM9","6","6","Ambient","Placebo",0.617,"2020-09-11_221"
"222","2020-08-12","FM9","3","2","NH4","Pathogen",0.698,"2020-08-12_222","2020-09-02","FM9","2","2","NH4","Pathogen",0.605,"2020-09-02_222","2020-09-11","FM9","2","2","NH4","Pathogen",0.529,"2020-09-11_222"
"224","2020-08-12","FM9","3","6","Ambient","Pathogen",0.691,"2020-08-12_224","2020-09-02","FM9","6","6","Ambient","Pathogen",0.622,"2020-09-02_224","2020-09-11","FM9","6","6","Ambient","Pathogen",0.602,"2020-09-11_224"
"225","2020-08-12","FM9","3","8","Ambient","Pathogen",0.685,"2020-08-12_225","2020-09-02","FM9","8","8","Ambient","Pathogen",0.63,"2020-09-02_225","2020-09-11","FM9","8","8","Ambient","Pathogen",0.6,"2020-09-11_225"
"226","2020-08-12","FM9","3","1","NH4","Placebo",0.691,"2020-08-12_226","2020-09-02","FM9","1","1","NH4","Placebo",0.605,"2020-09-02_226","2020-09-11","FM9","1","1","NH4","Placebo",0.613,"2020-09-11_226"
"227","2020-08-12","FM9","3","5","Ambient","Placebo",0.691,"2020-08-12_227","2020-09-02","FM9","5","5","Ambient","Placebo",0.602,"2020-09-02_227","2020-09-11","FM9","5","5","Ambient","Placebo",0.603,"2020-09-11_227"
"228","2020-08-12","FM9","3","5","Ambient","Pathogen",0.693,"2020-08-12_228","2020-09-02","FM9","5","5","Ambient","Pathogen",0.648,"2020-09-02_228","2020-09-11","FM9","5","5","Ambient","Pathogen",0.641,"2020-09-11_228"
"229","2020-08-12","FM9","3","7","Ambient","Pathogen",0.691,"2020-08-12_229","2020-09-02","FM9","3","7","Ambient","Pathogen",0.651,"2020-09-02_229","2020-09-11","FM9","7","7","Ambient","Pathogen",0.566,"2020-09-11_229"
"230","2020-08-12","FM6","4","7","Ambient","Pathogen",0.702,"2020-08-12_230","2020-09-02","FM6","3","7","Ambient","Pathogen",0.672,"2020-09-02_230","2020-09-11","FM6","7","7","Ambient","Pathogen",0.583,"2020-09-11_230"
"231","2020-08-12","FM6","4","1","NH4","Placebo",0.701,"2020-08-12_231","2020-09-02","FM6","1","1","NH4","Placebo",0.621,"2020-09-02_231","2020-09-11","FM6","1","1","NH4","Placebo",0.626,"2020-09-11_231"
"232","2020-08-12","FM6","4","3","NH4","Pathogen",0.678,"2020-08-12_232","2020-09-02","FM6","7","3","NH4","Pathogen",0.653,"2020-09-02_232","2020-09-11","FM6","3","3","NH4","Pathogen",0.619,"2020-09-11_232"
"234","2020-08-12","FM6","4","8","Ambient","Pathogen",0.697,"2020-08-12_234","2020-09-02","FM6","8","8","Ambient","Pathogen",0.628,"2020-09-02_234","2020-09-11","FM6","8","8","Ambient","Pathogen",0.636,"2020-09-11_234"
"235","2020-08-12","FM6","4","4","NH4","Pathogen",0.701,"2020-08-12_235","2020-09-02","FM6","4","4","NH4","Pathogen",0.675,"2020-09-02_235","2020-09-11","FM6","4","4","NH4","Pathogen",0.599,"2020-09-11_235"
"237","2020-08-12","FM6","4","2","NH4","Pathogen",0.695,"2020-08-12_237","2020-09-02","FM6","2","2","NH4","Pathogen",0.637,"2020-09-02_237","2020-09-11","FM6","2","2","NH4","Pathogen",0.614,"2020-09-11_237"
"238","2020-08-12","FM6","4","2","NH4","Pathogen",0.699,"2020-08-12_238","2020-09-02","FM6","2","2","NH4","Pathogen",0.658,"2020-09-02_238","2020-09-11","FM6","2","2","NH4","Pathogen",0.634,"2020-09-11_238"
"239","2020-08-12","FM6","4","2","NH4","Placebo",0.699,"2020-08-12_239","2020-09-02","FM6","2","2","NH4","Placebo",0.671,"2020-09-02_239","2020-09-11","FM6","2","2","NH4","Placebo",0.646,"2020-09-11_239"
"241","2020-08-12","FM6","4","6","Ambient","Pathogen",0.706,"2020-08-12_241","2020-09-02","FM6","6","6","Ambient","Pathogen",0.638,"2020-09-02_241","2020-09-11","FM6","6","6","Ambient","Pathogen",0.579,"2020-09-11_241"
"242","2020-08-12","FM6","4","8","Ambient","Pathogen",0.699,"2020-08-12_242","2020-09-02","FM6","8","8","Ambient","Pathogen",0.615,"2020-09-02_242","2020-09-11","FM6","8","8","Ambient","Pathogen",0.654,"2020-09-11_242"
"243","2020-08-12","FM6","4","7","Ambient","Pathogen",0.707,"2020-08-12_243","2020-09-02","FM6","3","7","Ambient","Pathogen",0.641,"2020-09-02_243","2020-09-11","FM6","7","7","Ambient","Pathogen",0.62,"2020-09-11_243"
"244","2020-08-12","FM6","4","6","Ambient","Placebo",0.694,"2020-08-12_244","2020-09-02","FM6","6","6","Ambient","Placebo",0.563,"2020-09-02_244","2020-09-11","FM6","6","6","Ambient","Placebo",0.523,"2020-09-11_244"
"245","2020-08-12","FM6","4","7","Ambient","Placebo",0.691,"2020-08-12_245","2020-09-02","FM6","3","7","Ambient","Placebo",0.582,"2020-09-02_245","2020-09-11","FM6","7","7","Ambient","Placebo",0.547,"2020-09-11_245"
"247","2020-08-12","FM6","4","1","NH4","Pathogen",0.676,"2020-08-12_247","2020-09-02","FM6","1","1","NH4","Pathogen",0.633,"2020-09-02_247","2020-09-11","FM6","1","1","NH4","Pathogen",0.592,"2020-09-11_247"
"250","2020-08-12","FM6","4","5","Ambient","Placebo",0.693,"2020-08-12_250","2020-09-02","FM6","5","5","Ambient","Placebo",0.667,"2020-09-02_250","2020-09-11","FM6","5","5","Ambient","Placebo",0.609,"2020-09-11_250"
"251","2020-08-12","FM6","4","6","Ambient","Placebo",0.681,"2020-08-12_251","2020-09-02","FM6","6","6","Ambient","Placebo",0.65,"2020-09-02_251","2020-09-11","FM6","6","6","Ambient","Placebo",0.549,"2020-09-11_251"
"252","2020-08-12","FM6","4","5","Ambient","Placebo",0.703,"2020-08-12_252","2020-09-02","FM6","5","5","Ambient","Placebo",0.681,"2020-09-02_252","2020-09-11","FM6","5","5","Ambient","Placebo",0.618,"2020-09-11_252"
"253","2020-08-12","FM6","4","1","NH4","Pathogen",0.715,"2020-08-12_253","2020-09-02","FM6","1","1","NH4","Pathogen",0.618,"2020-09-02_253","2020-09-11","FM6","1","1","NH4","Pathogen",0.619,"2020-09-11_253"
"254","2020-08-12","FM6","4","3","NH4","Placebo",0.7,"2020-08-12_254","2020-09-02","FM6","7","3","NH4","Placebo",0.66,"2020-09-02_254","2020-09-11","FM6","3","3","NH4","Placebo",0.595,"2020-09-11_254"
"256","2020-08-12","FM6","4","5","Ambient","Pathogen",0.689,"2020-08-12_256","2020-09-02","FM6","5","5","Ambient","Pathogen",0.636,"2020-09-02_256","2020-09-11","FM6","5","5","Ambient","Pathogen",0.601,"2020-09-11_256"
"257","2020-08-12","FM6","4","Holding","Extra","Extra",0.694,"2020-08-12_257",NA,NA,NA,NA,NA,NA,NA,NA,NA,NA,NA,NA,NA,NA,NA,NA
"258","2020-08-12","FM6","4","3","NH4","Placebo",0.697,"2020-08-12_258","2020-09-02","FM6","7","3","NH4","Placebo",0.589,"2020-09-02_258","2020-09-11","FM6","3","3","NH4","Placebo",0.577,"2020-09-11_258"
"260","2020-08-12","FM6","4","8","Ambient","Placebo",0.685,"2020-08-12_260","2020-09-02","FM6","8","8","Ambient","Placebo",0.621,"2020-09-02_260","2020-09-11","FM6","8","8","Ambient","Placebo",0.551,"2020-09-11_260"
"261","2020-08-12","FM6","4","4","NH4","Placebo",0.688,"2020-08-12_261","2020-09-02","FM6","4","4","NH4","Placebo",0.656,"2020-09-02_261","2020-09-11","FM6","4","4","NH4","Placebo",0.605,"2020-09-11_261"
"266","2020-08-12","FM6","4","4","NH4","Placebo",0.699,"2020-08-12_266","2020-09-02","FM6","4","4","NH4","Placebo",0.67,"2020-09-02_266","2020-09-11","FM6","4","4","NH4","Placebo",0.585,"2020-09-11_266"
"262","2020-08-12","FM14","2","1","NH4","Placebo",0.704,"2020-08-12_262","2020-09-02","FM14","1","1","NH4","Placebo",0.674,"2020-09-02_262","2020-09-11","FM14","1","1","NH4","Placebo",0.652,"2020-09-11_262"
"263","2020-08-12","FM14","2","8","Ambient","Placebo",0.7,"2020-08-12_263","2020-09-02","FM14","8","8","Ambient","Placebo",0.589,"2020-09-02_263","2020-09-11","FM14","8","8","Ambient","Placebo",0.561,"2020-09-11_263"
"264","2020-08-12","FM14","2","5","Ambient","Pathogen",0.704,"2020-08-12_264","2020-09-02","FM14","5","5","Ambient","Pathogen",0.619,"2020-09-02_264","2020-09-11","FM14","5","5","Ambient","Pathogen",0.638,"2020-09-11_264"
"265","2020-08-12","FM14","2","3","NH4","Pathogen",0.705,"2020-08-12_265","2020-09-02","FM14","7","3","NH4","Pathogen",0.672,"2020-09-02_265","2020-09-11","FM14","3","3","NH4","Pathogen",0.609,"2020-09-11_265"
"268","2020-08-12","FM14","2","5","Ambient","Placebo",0.688,"2020-08-12_268","2020-09-02","FM14","5","5","Ambient","Placebo",0.676,"2020-09-02_268","2020-09-11","FM14","5","5","Ambient","Placebo",0.582,"2020-09-11_268"
"269","2020-08-12","FM14","2","3","NH4","Placebo",0.702,"2020-08-12_269","2020-09-02","FM14","7","3","NH4","Placebo",0.649,"2020-09-02_269","2020-09-11","FM14","3","3","NH4","Placebo",0.587,"2020-09-11_269"
"270","2020-08-12","FM14","2","2","NH4","Pathogen",0.701,"2020-08-12_270","2020-09-02","FM14","2","2","NH4","Pathogen",0.569,"2020-09-02_270","2020-09-11","FM14","2","2","NH4","Pathogen",0.543,"2020-09-11_270"
"272","2020-08-12","FM14","2","4","NH4","Placebo",0.695,"2020-08-12_272","2020-09-02","FM14","4","4","NH4","Placebo",0.678,"2020-09-02_272","2020-09-11","FM14","4","4","NH4","Placebo",0.622,"2020-09-11_272"
"273","2020-08-12","FM14","2","8","Ambient","Pathogen",0.703,"2020-08-12_273","2020-09-02","FM14","8","8","Ambient","Pathogen",0.674,"2020-09-02_273","2020-09-11","FM14","8","8","Ambient","Pathogen",0.607,"2020-09-11_273"
"274","2020-08-12","FM14","2","6","Ambient","Pathogen",0.674,"2020-08-12_274","2020-09-02","FM14","6","6","Ambient","Pathogen",0.546,"2020-09-02_274","2020-09-11","FM14","6","6","Ambient","Pathogen",0.522,"2020-09-11_274"
"275","2020-08-12","FM14","2","8","Ambient","Pathogen",0.697,"2020-08-12_275","2020-09-02","FM14","8","8","Ambient","Pathogen",0.663,"2020-09-02_275","2020-09-11","FM14","8","8","Ambient","Pathogen",0.626,"2020-09-11_275"
"276","2020-08-12","FM14","2","5","Ambient","Placebo",0.68,"2020-08-12_276","2020-09-02","FM14","5","5","Ambient","Placebo",0.668,"2020-09-02_276","2020-09-11","FM14","5","5","Ambient","Placebo",0.626,"2020-09-11_276"
"277","2020-08-12","FM14","2","6","Ambient","Placebo",0.692,"2020-08-12_277","2020-09-02","FM14","6","6","Ambient","Placebo",0.645,"2020-09-02_277","2020-09-11","FM14","6","6","Ambient","Placebo",0.584,"2020-09-11_277"
"279","2020-08-12","FM14","2","7","Ambient","Placebo",0.685,"2020-08-12_279","2020-09-02","FM14","3","7","Ambient","Placebo",0.6,"2020-09-02_279","2020-09-11","FM14","7","7","Ambient","Placebo",0.564,"2020-09-11_279"
"281","2020-08-12","FM14","2","7","Ambient","Pathogen",0.704,"2020-08-12_281","2020-09-02","FM14","3","7","Ambient","Pathogen",0.609,"2020-09-02_281","2020-09-11","FM14","7","7","Ambient","Pathogen",0.638,"2020-09-11_281"
"282","2020-08-12","FM14","2","2","NH4","Placebo",0.686,"2020-08-12_282","2020-09-02","FM14","2","2","NH4","Placebo",0.65,"2020-09-02_282","2020-09-11","FM14","2","2","NH4","Placebo",0.629,"2020-09-11_282"
"283","2020-08-12","FM14","2","7","Ambient","Pathogen",0.697,"2020-08-12_283","2020-09-02","FM14","3","7","Ambient","Pathogen",0.573,"2020-09-02_283","2020-09-11","FM14","7","7","Ambient","Pathogen",0.607,"2020-09-11_283"
"284","2020-08-12","FM14","2","4","NH4","Placebo",0.688,"2020-08-12_284","2020-09-02","FM14","4","4","NH4","Placebo",0.606,"2020-09-02_284","2020-09-11","FM14","4","4","NH4","Placebo",0.599,"2020-09-11_284"
"285","2020-08-12","FM14","2","4","NH4","Pathogen",0.69,"2020-08-12_285","2020-09-02","FM14","4","4","NH4","Pathogen",0.672,"2020-09-02_285","2020-09-11","FM14","4","4","NH4","Pathogen",0.603,"2020-09-11_285"
"288","2020-08-12","FM14","2","6","Ambient","Placebo",0.691,"2020-08-12_288","2020-09-02","FM14","6","6","Ambient","Placebo",0.597,"2020-09-02_288","2020-09-11","FM14","6","6","Ambient","Placebo",0.529,"2020-09-11_288"
"289","2020-08-12","FM14","2","1","NH4","Pathogen",0.654,"2020-08-12_289","2020-09-02","FM14","1","1","NH4","Pathogen",0.677,"2020-09-02_289","2020-09-11","FM14","1","1","NH4","Pathogen",0.601,"2020-09-11_289"
"291","2020-08-12","FM14","2","1","NH4","Pathogen",0.695,"2020-08-12_291","2020-09-02","FM14","1","1","NH4","Pathogen",0.647,"2020-09-02_291","2020-09-11","FM14","1","1","NH4","Pathogen",0.631,"2020-09-11_291"
"293","2020-08-12","FM14","2","3","NH4","Placebo",0.693,"2020-08-12_293","2020-09-02","FM14","7","3","NH4","Placebo",0.669,"2020-09-02_293","2020-09-11","FM14","3","3","NH4","Placebo",0.585,"2020-09-11_293"
"296","2020-08-12","FM14","2","2","NH4","Pathogen",0.709,"2020-08-12_296","2020-09-02","FM14","2","2","NH4","Pathogen",0.666,"2020-09-02_296","2020-09-11","FM14","2","2","NH4","Pathogen",0.645,"2020-09-11_296"
"A016","2020-08-12","Cooper-9","6","6","Ambient","Pathogen",0.702,"2020-08-12_A016","2020-09-02","Cooper-9","6","6","Ambient","Pathogen",0.662,"2020-09-02_A016","2020-09-11","Cooper-9","6","6","Ambient","Pathogen",0.663,"2020-09-11_A016"
"A017","2020-08-12","Cooper-9","6","5","Ambient","Placebo",0.703,"2020-08-12_A017","2020-09-02","Cooper-9","5","5","Ambient","Placebo",0.665,"2020-09-02_A017","2020-09-11","Cooper-9","5","5","Ambient","Placebo",0.593,"2020-09-11_A017"
"A018","2020-08-12","Cooper-9","6","3","NH4","Placebo",0.707,"2020-08-12_A018","2020-09-04","Cooper-9","7","3","NH4","Placebo",0.602,"2020-09-04_A018","2020-09-11","Cooper-9","3","3","NH4","Placebo",0.629,"2020-09-11_A018"
"A019","2020-08-12","Cooper-9","6","1","NH4","Placebo",0.704,"2020-08-12_A019","2020-09-02","Cooper-9","1","1","NH4","Placebo",0.661,"2020-09-02_A019","2020-09-11","Cooper-9","1","1","NH4","Placebo",0.617,"2020-09-11_A019"
"A020","2020-08-12","Cooper-9","6","6","Ambient","Placebo",0.694,"2020-08-12_A020","2020-09-02","Cooper-9","6","6","Ambient","Placebo",0.65,"2020-09-02_A020","2020-09-11","Cooper-9","6","6","Ambient","Placebo",0.642,"2020-09-11_A020"
"A021","2020-08-12","Cooper-9","6","3","NH4","Pathogen",0.709,"2020-08-12_A021","2020-09-04","Cooper-9","7","3","NH4","Pathogen",0.576,"2020-09-04_A021","2020-09-11","Cooper-9","3","3","NH4","Pathogen",0.618,"2020-09-11_A021"
"A022","2020-08-12","Cooper-9","6","1","NH4","Pathogen",0.687,"2020-08-12_A022","2020-09-02","Cooper-9","1","1","NH4","Pathogen",0.653,"2020-09-02_A022","2020-09-11","Cooper-9","1","1","NH4","Pathogen",0.653,"2020-09-11_A022"
"A023","2020-08-12","Cooper-9","6","8","Ambient","Pathogen",0.694,"2020-08-12_A023","2020-09-02","Cooper-9","8","8","Ambient","Pathogen",0.652,"2020-09-02_A023","2020-09-11","Cooper-9","8","8","Ambient","Pathogen",0.67,"2020-09-11_A023"
"A024","2020-08-12","Cooper-9","6","1","NH4","Pathogen",0.714,"2020-08-12_A024","2020-09-02","Cooper-9","1","1","NH4","Pathogen",0.603,"2020-09-02_A024","2020-09-11","Cooper-9","1","1","NH4","Pathogen",0.641,"2020-09-11_A024"
"A025","2020-08-12","Cooper-9","6","8","Ambient","Pathogen",0.707,"2020-08-12_A025","2020-09-02","Cooper-9","8","8","Ambient","Pathogen",0.635,"2020-09-02_A025","2020-09-11","Cooper-9","8","8","Ambient","Pathogen",0.607,"2020-09-11_A025"
"A026","2020-08-12","Cooper-9","6","2","NH4","Placebo",0.675,"2020-08-12_A026","2020-09-02","Cooper-9","2","2","NH4","Placebo",0.579,"2020-09-02_A026",NA,NA,NA,NA,NA,NA,NA,NA
"A027","2020-08-12","Cooper-9","6","4","NH4","Pathogen",0.683,"2020-08-12_A027","2020-09-04","Cooper-9","4","4","NH4","Pathogen",0.635,"2020-09-04_A027","2020-09-11","Cooper-9","4","4","NH4","Pathogen",0.592,"2020-09-11_A027"
"A028","2020-08-12","Cooper-9","6","5","Ambient","Placebo",0.702,"2020-08-12_A028","2020-09-02","Cooper-9","5","5","Ambient","Placebo",0.642,"2020-09-02_A028","2020-09-11","Cooper-9","5","5","Ambient","Placebo",0.657,"2020-09-11_A028"
"A029","2020-08-12","Cooper-9","6","2","NH4","Pathogen",0.701,"2020-08-12_A029","2020-09-02","Cooper-9","2","2","NH4","Pathogen",0.597,"2020-09-02_A029","2020-09-11","Cooper-9","2","2","NH4","Pathogen",0.514,"2020-09-11_A029"
"A030","2020-08-12","Cooper-9","6","7","Ambient","Pathogen",0.689,"2020-08-12_A030","2020-09-02","Cooper-9","3","7","Ambient","Pathogen",0.636,"2020-09-02_A030","2020-09-11","Cooper-9","7","7","Ambient","Pathogen",0.602,"2020-09-11_A030"
"A031","2020-08-12","Cooper-9","6","7","Ambient","Pathogen",0.667,"2020-08-12_A031","2020-09-02","Cooper-9","3","7","Ambient","Pathogen",0.571,"2020-09-02_A031","2020-09-11","Cooper-9","7","7","Ambient","Pathogen",0.569,"2020-09-11_A031"
"A032","2020-08-12","Cooper-9","6","6","Ambient","Pathogen",0.661,"2020-08-12_A032","2020-09-02","Cooper-9","6","6","Ambient","Pathogen",0.646,"2020-09-02_A032","2020-09-11","Cooper-9","6","6","Ambient","Pathogen",0.634,"2020-09-11_A032"
"A033","2020-08-12","Cooper-9","6","7","Ambient","Placebo",0.682,"2020-08-12_A033","2020-09-02","Cooper-9","3","7","Ambient","Placebo",0.588,"2020-09-02_A033","2020-09-11","Cooper-9","7","7","Ambient","Placebo",0.555,"2020-09-11_A033"
"A034","2020-08-12","Cooper-9","6","4","NH4","Placebo",0.663,"2020-08-12_A034","2020-09-04","Cooper-9","4","4","NH4","Placebo",0.639,"2020-09-04_A034","2020-09-11","Cooper-9","4","4","NH4","Placebo",0.566,"2020-09-11_A034"
"A035","2020-08-12","Cooper-9","6","8","Ambient","Placebo",0.7,"2020-08-12_A035","2020-09-02","Cooper-9","8","8","Ambient","Placebo",0.591,"2020-09-02_A035","2020-09-11","Cooper-9","8","8","Ambient","Placebo",0.5,"2020-09-11_A035"
"A036","2020-08-12","Cooper-9","6","3","NH4","Placebo",0.691,"2020-08-12_A036","2020-09-04","Cooper-9","7","3","NH4","Placebo",0.611,"2020-09-04_A036","2020-09-11","Cooper-9","3","3","NH4","Placebo",0.565,"2020-09-11_A036"
"A037","2020-08-12","Cooper-9","6","4","NH4","Placebo",0.692,"2020-08-12_A037","2020-09-04","Cooper-9","4","4","NH4","Placebo",0.542,"2020-09-04_A037","2020-09-11","Cooper-9","4","4","NH4","Placebo",0.595,"2020-09-11_A037"
"A038","2020-08-12","Cooper-9","6","2","NH4","Pathogen",0.713,"2020-08-12_A038","2020-09-02","Cooper-9","2","2","NH4","Pathogen",0.584,"2020-09-02_A038","2020-09-11","Cooper-9","2","2","NH4","Pathogen",0.553,"2020-09-11_A038"
"A063","2020-08-12","Elkhorn","7","6","Ambient","Pathogen",0.672,"2020-08-12_A063","2020-09-02","Elkhorn","6","6","Ambient","Pathogen",0.604,"2020-09-02_A063",NA,NA,NA,NA,NA,NA,NA,NA
"A064","2020-08-12","Elkhorn","7","3","NH4","Pathogen",0.684,"2020-08-12_A064","2020-09-02","Elkhorn","7","3","NH4","Pathogen",0.627,"2020-09-02_A064","2020-09-11","Elkhorn","3","3","NH4","Pathogen",0.586,"2020-09-11_A064"
"A065","2020-08-12","Elkhorn","7","8","Ambient","Placebo",0.668,"2020-08-12_A065","2020-09-02","Elkhorn","8","8","Ambient","Placebo",0.591,"2020-09-02_A065","2020-09-11","Elkhorn","8","8","Ambient","Placebo",0.548,"2020-09-11_A065"
"A066","2020-08-12","Elkhorn","7","5","Ambient","Placebo",0.697,"2020-08-12_A066","2020-09-02","Elkhorn","5","5","Ambient","Placebo",0.632,"2020-09-02_A066","2020-09-11","Elkhorn","5","5","Ambient","Placebo",0.572,"2020-09-11_A066"
"A068","2020-08-12","Elkhorn","7","4","NH4","Placebo",0.677,"2020-08-12_A068","2020-09-02","Elkhorn","4","4","NH4","Placebo",0.575,"2020-09-02_A068","2020-09-11","Elkhorn","4","4","NH4","Placebo",0.563,"2020-09-11_A068"
"A069","2020-08-12","Elkhorn","7","7","Ambient","Placebo",0.699,"2020-08-12_A069","2020-09-02","Elkhorn","3","7","Ambient","Placebo",0.622,"2020-09-02_A069","2020-09-11","Elkhorn","7","7","Ambient","Placebo",0.605,"2020-09-11_A069"
"A070","2020-08-12","Elkhorn","7","Holding","Extra","Extra",0.704,"2020-08-12_A070","2020-09-04","Elkhorn","Holding","3","NH4","Placebo",0.657,"2020-09-04_A070","2020-09-11","Elkhorn","3","3","NH4","Placebo",0.595,"2020-09-11_A070"
"A072","2020-08-12","Elkhorn","7","2","NH4","Placebo",0.686,"2020-08-12_A072","2020-09-02","Elkhorn","2","2","NH4","Placebo",0.606,"2020-09-02_A072","2020-09-11","Elkhorn","2","2","NH4","Placebo",0.577,"2020-09-11_A072"
"A073","2020-08-12","Elkhorn","7","7","Ambient","Pathogen",0.69,"2020-08-12_A073","2020-09-02","Elkhorn","3","7","Ambient","Pathogen",0.598,"2020-09-02_A073","2020-09-11","Elkhorn","7","7","Ambient","Pathogen",0.594,"2020-09-11_A073"
"A074","2020-08-12","Elkhorn","7","3","NH4","Pathogen",0.708,"2020-08-12_A074",NA,NA,NA,NA,NA,NA,NA,NA,NA,NA,NA,NA,NA,NA,NA,NA
"A075","2020-08-12","Elkhorn","7","1","NH4","Placebo",0.683,"2020-08-12_A075","2020-09-02","Elkhorn","1","1","NH4","Placebo",0.649,"2020-09-02_A075","2020-09-11","Elkhorn","1","1","NH4","Placebo",0.62,"2020-09-11_A075"
"A076","2020-08-12","Elkhorn","7","4","NH4","Pathogen",0.702,"2020-08-12_A076","2020-09-02","Elkhorn","4","4","NH4","Pathogen",0.634,"2020-09-02_A076","2020-09-11","Elkhorn","4","4","NH4","Pathogen",0.548,"2020-09-11_A076"
"A077","2020-08-12","Elkhorn","7","1","NH4","Placebo",0.706,"2020-08-12_A077","2020-09-02","Elkhorn","1","1","NH4","Placebo",0.569,"2020-09-02_A077","2020-09-11","Elkhorn","1","1","NH4","Placebo",0.643,"2020-09-11_A077"
"A078","2020-08-12","Elkhorn","7","2","NH4","Pathogen",0.697,"2020-08-12_A078","2020-09-02","Elkhorn","2","2","NH4","Pathogen",0.621,"2020-09-02_A078","2020-09-11","Elkhorn","2","2","NH4","Pathogen",0.594,"2020-09-11_A078"
"A079","2020-08-12","Elkhorn","7","8","Ambient","Placebo",0.695,"2020-08-12_A079","2020-09-02","Elkhorn","8","8","Ambient","Placebo",0.636,"2020-09-02_A079","2020-09-11","Elkhorn","8","8","Ambient","Placebo",0.631,"2020-09-11_A079"
"A080","2020-08-12","Elkhorn","7","8","Ambient","Pathogen",0.7,"2020-08-12_A080","2020-09-02","Elkhorn","8","8","Ambient","Pathogen",0.64,"2020-09-02_A080","2020-09-11","Elkhorn","8","8","Ambient","Pathogen",0.634,"2020-09-11_A080"
"A081","2020-08-12","Elkhorn","7","3","NH4","Placebo",0.7,"2020-08-12_A081",NA,NA,NA,NA,NA,NA,NA,NA,NA,NA,NA,NA,NA,NA,NA,NA
"A082","2020-08-12","Elkhorn","7","6","Ambient","Pathogen",0.705,"2020-08-12_A082","2020-09-02","Elkhorn","6","6","Ambient","Pathogen",0.646,"2020-09-02_A082","2020-09-11","Elkhorn","6","6","Ambient","Pathogen",0.613,"2020-09-11_A082"
"A083","2020-08-12","Elkhorn","7","2","NH4","Placebo",0.697,"2020-08-12_A083","2020-09-02","Elkhorn","2","2","NH4","Placebo",0.596,"2020-09-02_A083","2020-09-11","Elkhorn","2","2","NH4","Placebo",0.621,"2020-09-11_A083"
"A084","2020-08-12","Elkhorn","7","1","NH4","Pathogen",0.697,"2020-08-12_A084","2020-09-02","Elkhorn","1","1","NH4","Pathogen",0.611,"2020-09-02_A084","2020-09-11","Elkhorn","1","1","NH4","Pathogen",0.605,"2020-09-11_A084"
"A086","2020-08-12","Elkhorn","7","5","Ambient","Pathogen",0.668,"2020-08-12_A086","2020-09-02","Elkhorn","5","5","Ambient","Pathogen",0.604,"2020-09-02_A086","2020-09-11","Elkhorn","5","5","Ambient","Pathogen",0.591,"2020-09-11_A086"
"A087","2020-08-12","Elkhorn","7","5","Ambient","Pathogen",0.698,"2020-08-12_A087","2020-09-02","Elkhorn","5","5","Ambient","Pathogen",0.628,"2020-09-02_A087","2020-09-11","Elkhorn","5","5","Ambient","Pathogen",0.642,"2020-09-11_A087"
"A088","2020-08-12","Elkhorn","7","7","Ambient","Placebo",0.7,"2020-08-12_A088","2020-09-02","Elkhorn","3","7","Ambient","Placebo",0.632,"2020-09-02_A088","2020-09-11","Elkhorn","7","7","Ambient","Placebo",0.524,"2020-09-11_A088"
"A089","2020-08-12","Elkhorn","7","4","NH4","Pathogen",0.696,"2020-08-12_A089","2020-09-02","Elkhorn","4","4","NH4","Pathogen",0.603,"2020-09-02_A089","2020-09-11","Elkhorn","4","4","NH4","Pathogen",0.64,"2020-09-11_A089"
"A090","2020-08-12","Elkhorn","7","6","Ambient","Placebo",0.701,"2020-08-12_A090","2020-09-02","Elkhorn","6","6","Ambient","Placebo",0.621,"2020-09-02_A090","2020-09-11","Elkhorn","6","6","Ambient","Placebo",0.554,"2020-09-11_A090"
"A092","2020-08-12","Elkhorn","7","Holding","Extra","Extra",0.67,"2020-08-12_A092","2020-09-04","Elkhorn","Holding","3","NH4","Pathogen",0.646,"2020-09-04_A092","2020-09-11","Elkhorn","3","3","NH4","Pathogen",0.62,"2020-09-11_A092"
"A039","2020-08-12","Acerv2","8","3","NH4","Pathogen",0.633,"2020-08-12_A039","2020-09-04","Acerv2","7","3","NH4","Pathogen",0.605,"2020-09-04_A039","2020-09-11","Acerv2","3","3","NH4","Pathogen",0.462,"2020-09-11_A039"
"A040","2020-08-12","Acerv2","8","4","NH4","Pathogen",0.693,"2020-08-12_A040","2020-09-04","Acerv2","4","4","NH4","Pathogen",0.571,"2020-09-04_A040","2020-09-11","Acerv2","4","4","NH4","Pathogen",0.65,"2020-09-11_A040"
"A041","2020-08-12","Acerv2","8","2","NH4","Pathogen",0.669,"2020-08-12_A041","2020-09-02","Acerv2","2","2","NH4","Pathogen",0.62,"2020-09-02_A041","2020-09-11","Acerv2","2","2","NH4","Pathogen",0.593,"2020-09-11_A041"
"A042","2020-08-12","Acerv2","8","8","Ambient","Placebo",0.698,"2020-08-12_A042","2020-09-02","Acerv2","8","8","Ambient","Placebo",0.644,"2020-09-02_A042","2020-09-11","Acerv2","8","8","Ambient","Placebo",0.621,"2020-09-11_A042"
"A043","2020-08-12","Acerv2","8","8","Ambient","Placebo",0.677,"2020-08-12_A043","2020-09-02","Acerv2","8","8","Ambient","Placebo",0.654,"2020-09-02_A043","2020-09-11","Acerv2","8","8","Ambient","Placebo",0.641,"2020-09-11_A043"
"A044","2020-08-12","Acerv2","8","6","Ambient","Pathogen",0.614,"2020-08-12_A044","2020-09-02","Acerv2","6","6","Ambient","Pathogen",0.593,"2020-09-02_A044","2020-09-11","Acerv2","6","6","Ambient","Pathogen",0.535,"2020-09-11_A044"
"A045","2020-08-12","Acerv2","8","4","NH4","Placebo",0.648,"2020-08-12_A045","2020-09-02","Acerv2","4","4","NH4","Placebo",0.565,"2020-09-02_A045","2020-09-11","Acerv2","4","4","NH4","Placebo",0.562,"2020-09-11_A045"
"A046","2020-08-12","Acerv2","8","4","NH4","Pathogen",0.658,"2020-08-12_A046","2020-09-02","Acerv2","4","4","NH4","Pathogen",0.511,"2020-09-02_A046","2020-09-11","Acerv2","4","4","NH4","Pathogen",0.588,"2020-09-11_A046"
"A047","2020-08-12","Acerv2","8","7","Ambient","Placebo",0.696,"2020-08-12_A047","2020-09-02","Acerv2","3","7","Ambient","Placebo",0.587,"2020-09-02_A047","2020-09-11","Acerv2","7","7","Ambient","Placebo",0.614,"2020-09-11_A047"
"A048","2020-08-12","Acerv2","8","1","NH4","Placebo",0.706,"2020-08-12_A048","2020-09-02","Acerv2","1","1","NH4","Placebo",0.654,"2020-09-02_A048","2020-09-11","Acerv2","1","1","NH4","Placebo",0.619,"2020-09-11_A048"
"A049","2020-08-12","Acerv2","8","5","Ambient","Pathogen",0.67,"2020-08-12_A049","2020-09-02","Acerv2","5","5","Ambient","Pathogen",0.574,"2020-09-02_A049","2020-09-11","Acerv2","5","5","Ambient","Pathogen",0.558,"2020-09-11_A049"
"A050","2020-08-12","Acerv2","8","6","Ambient","Placebo",0.684,"2020-08-12_A050","2020-09-02","Acerv2","6","6","Ambient","Placebo",0.525,"2020-09-02_A050","2020-09-11","Acerv2","6","6","Ambient","Placebo",0.628,"2020-09-11_A050"
"A051","2020-08-12","Acerv2","8","1","NH4","Placebo",0.668,"2020-08-12_A051","2020-09-02","Acerv2","1","1","NH4","Placebo",0.599,"2020-09-02_A051","2020-09-11","Acerv2","1","1","NH4","Placebo",0.569,"2020-09-11_A051"
"A052","2020-08-12","Acerv2","8","2","NH4","Placebo",0.677,"2020-08-12_A052","2020-09-02","Acerv2","2","2","NH4","Placebo",0.582,"2020-09-02_A052","2020-09-11","Acerv2","2","2","NH4","Placebo",0.509,"2020-09-11_A052"
"A053","2020-08-12","Acerv2","8","7","Ambient","Pathogen",0.673,"2020-08-12_A053","2020-09-02","Acerv2","3","7","Ambient","Pathogen",0.566,"2020-09-02_A053","2020-09-11","Acerv2","7","7","Ambient","Pathogen",0.487,"2020-09-11_A053"
"A054","2020-08-12","Acerv2","8","8","Ambient","Pathogen",0.674,"2020-08-12_A054",NA,NA,NA,NA,NA,NA,NA,NA,NA,NA,NA,NA,NA,NA,NA,NA
"A055","2020-08-12","Acerv2","8","7","Ambient","Placebo",0.702,"2020-08-12_A055","2020-09-02","Acerv2","3","7","Ambient","Placebo",0.623,"2020-09-02_A055","2020-09-11","Acerv2","7","7","Ambient","Placebo",0.564,"2020-09-11_A055"
"A056","2020-08-12","Acerv2","8","3","NH4","Placebo",0.705,"2020-08-12_A056","2020-09-02","Acerv2","7","3","NH4","Placebo",0.636,"2020-09-02_A056","2020-09-11","Acerv2","3","3","NH4","Placebo",0.615,"2020-09-11_A056"
"A057","2020-08-12","Acerv2","8","5","Ambient","Pathogen",0.642,"2020-08-12_A057","2020-09-02","Acerv2","5","5","Ambient","Pathogen",0.614,"2020-09-02_A057","2020-09-11","Acerv2","5","5","Ambient","Pathogen",0.579,"2020-09-11_A057"
"A058","2020-08-12","Acerv2","8","3","NH4","Pathogen",0.667,"2020-08-12_A058","2020-09-02","Acerv2","7","3","NH4","Pathogen",0.599,"2020-09-02_A058","2020-09-11","Acerv2","3","3","NH4","Pathogen",0.575,"2020-09-11_A058"
"A059","2020-08-12","Acerv2","8","6","Ambient","Pathogen",0.703,"2020-08-12_A059","2020-09-02","Acerv2","6","6","Ambient","Pathogen",0.645,"2020-09-02_A059","2020-09-11","Acerv2","6","6","Ambient","Pathogen",0.631,"2020-09-11_A059"
"A060","2020-08-12","Acerv2","8","2","NH4","Placebo",0.65,"2020-08-12_A060","2020-09-02","Acerv2","2","2","NH4","Placebo",0.555,"2020-09-02_A060","2020-09-11","Acerv2","2","2","NH4","Placebo",0.561,"2020-09-11_A060"
"A061","2020-08-12","Acerv2","8","1","NH4","Pathogen",0.707,"2020-08-12_A061","2020-09-02","Acerv2","1","1","NH4","Pathogen",0.657,"2020-09-02_A061","2020-09-11","Acerv2","1","1","NH4","Pathogen",0.624,"2020-09-11_A061"
"A062","2020-08-12","Acerv2","8","5","Ambient","Placebo",0.685,"2020-08-12_A062","2020-09-02","Acerv2","5","5","Ambient","Placebo",0.633,"2020-09-02_A062","2020-09-11","Acerv2","5","5","Ambient","Placebo",0.56,"2020-09-11_A062"
"A107","2020-08-12","U41","9","4","NH4","Pathogen",0.672,"2020-08-12_A107","2020-09-02","U41","4","4","NH4","Pathogen",0.528,"2020-09-02_A107","2020-09-11","U41","4","4","NH4","Pathogen",0.601,"2020-09-11_A107"
"A110","2020-08-12","U41","9","7","Ambient","Pathogen",0.673,"2020-08-12_A110","2020-09-02","U41","3","7","Ambient","Pathogen",0.574,"2020-09-02_A110","2020-09-11","U41","7","7","Ambient","Pathogen",0.559,"2020-09-11_A110"
"A112","2020-08-12","U41","9","6","Ambient","Pathogen",0.687,"2020-08-12_A112","2020-09-02","U41","6","6","Ambient","Pathogen",0.603,"2020-09-02_A112","2020-09-11","U41","6","6","Ambient","Pathogen",0.566,"2020-09-11_A112"
"A114","2020-08-12","U41","9","2","NH4","Pathogen",0.689,"2020-08-12_A114","2020-09-02","U41","2","2","NH4","Pathogen",0.56,"2020-09-02_A114","2020-09-11","U41","2","2","NH4","Pathogen",0.597,"2020-09-11_A114"
"A115","2020-08-12","U41","9","5","Ambient","Pathogen",0.648,"2020-08-12_A115","2020-09-02","U41","5","5","Ambient","Pathogen",0.608,"2020-09-02_A115","2020-09-11","U41","5","5","Ambient","Pathogen",0.589,"2020-09-11_A115"
"A116","2020-08-12","U41","9","1","NH4","Pathogen",0.687,"2020-08-12_A116","2020-09-02","U41","1","1","NH4","Pathogen",0.637,"2020-09-02_A116","2020-09-11","U41","1","1","NH4","Pathogen",0.6,"2020-09-11_A116"
"A118","2020-08-12","U41","9","4","NH4","Pathogen",0.673,"2020-08-12_A118","2020-09-02","U41","4","4","NH4","Pathogen",0.564,"2020-09-02_A118","2020-09-11","U41","4","4","NH4","Pathogen",0.613,"2020-09-11_A118"
"A119","2020-08-12","U41","9","3","NH4","Pathogen",0.663,"2020-08-12_A119","2020-09-02","U41","7","3","NH4","Pathogen",0.598,"2020-09-02_A119","2020-09-11","U41","3","3","NH4","Pathogen",0.585,"2020-09-11_A119"
"A123","2020-08-12","U41","9","6","Ambient","Pathogen",0.668,"2020-08-12_A123","2020-09-02","U41","6","6","Ambient","Pathogen",0.58,"2020-09-02_A123","2020-09-11","U41","6","6","Ambient","Pathogen",0.598,"2020-09-11_A123"
"A124","2020-08-12","U41","9","8","Ambient","Pathogen",0.651,"2020-08-12_A124","2020-09-02","U41","8","8","Ambient","Pathogen",0.601,"2020-09-02_A124","2020-09-11","U41","8","8","Ambient","Pathogen",0.596,"2020-09-11_A124"
"A125","2020-08-12","U41","9","3","NH4","Pathogen",0.661,"2020-08-12_A125","2020-09-02","U41","7","3","NH4","Pathogen",0.622,"2020-09-02_A125","2020-09-11","U41","3","3","NH4","Pathogen",0.571,"2020-09-11_A125"
"A151","2020-08-12","K2","10","3","NH4","Placebo",0.688,"2020-08-12_A151","2020-09-02","K2","7","3","NH4","Placebo",0.647,"2020-09-02_A151","2020-09-11","K2","3","3","NH4","Placebo",0.566,"2020-09-11_A151"
"A152","2020-08-12","K2","10","1","NH4","Pathogen",0.671,"2020-08-12_A152","2020-09-02","K2","1","1","NH4","Pathogen",0.657,"2020-09-02_A152","2020-09-11","K2","1","1","NH4","Pathogen",0.607,"2020-09-11_A152"
"A154","2020-08-12","K2","10","5","Ambient","Placebo",0.657,"2020-08-12_A154","2020-09-02","K2","5","5","Ambient","Placebo",0.569,"2020-09-02_A154","2020-09-11","K2","5","5","Ambient","Placebo",0.652,"2020-09-11_A154"
"A155","2020-08-12","K2","10","4","NH4","Placebo",0.648,"2020-08-12_A155","2020-09-02","K2","4","4","NH4","Placebo",0.586,"2020-09-02_A155","2020-09-11","K2","4","4","NH4","Placebo",0.59,"2020-09-11_A155"
"A156","2020-08-12","K2","10","8","Ambient","Pathogen",0.647,"2020-08-12_A156","2020-09-02","K2","8","8","Ambient","Pathogen",0.598,"2020-09-02_A156","2020-09-11","K2","8","8","Ambient","Pathogen",0.529,"2020-09-11_A156"
"A157","2020-08-12","K2","10","2","NH4","Pathogen",0.666,"2020-08-12_A157","2020-09-02","K2","2","2","NH4","Pathogen",0.66,"2020-09-02_A157","2020-09-11","K2","2","2","NH4","Pathogen",0.647,"2020-09-11_A157"
"A158","2020-08-12","K2","10","1","NH4","Pathogen",0.691,"2020-08-12_A158","2020-09-02","K2","1","1","NH4","Pathogen",0.674,"2020-09-02_A158","2020-09-11","K2","1","1","NH4","Pathogen",0.65,"2020-09-11_A158"
"A159","2020-08-12","K2","10","1","NH4","Placebo",0.685,"2020-08-12_A159","2020-09-02","K2","1","1","NH4","Placebo",0.653,"2020-09-02_A159","2020-09-11","K2","1","1","NH4","Placebo",0.646,"2020-09-11_A159"
"A160","2020-08-12","K2","10","5","Ambient","Placebo",0.705,"2020-08-12_A160","2020-09-02","K2","5","5","Ambient","Placebo",0.664,"2020-09-02_A160","2020-09-11","K2","5","5","Ambient","Placebo",0.659,"2020-09-11_A160"
"A161","2020-08-12","K2","10","2","NH4","Pathogen",0.662,"2020-08-12_A161","2020-09-02","K2","2","2","NH4","Pathogen",0.595,"2020-09-02_A161","2020-09-11","K2","2","2","NH4","Pathogen",0.569,"2020-09-11_A161"
"A162","2020-08-12","K2","10","3","NH4","Placebo",0.704,"2020-08-12_A162","2020-09-02","K2","7","3","NH4","Placebo",0.657,"2020-09-02_A162","2020-09-11","K2","3","3","NH4","Placebo",0.623,"2020-09-11_A162"
"A163","2020-08-12","K2","10","4","NH4","Pathogen",0.672,"2020-08-12_A163","2020-09-02","K2","4","4","NH4","Pathogen",0.55,"2020-09-02_A163","2020-09-11","K2","4","4","NH4","Pathogen",0.598,"2020-09-11_A163"
"A164","2020-08-12","K2","10","7","Ambient","Pathogen",0.693,"2020-08-12_A164","2020-09-02","K2","3","7","Ambient","Pathogen",0.589,"2020-09-02_A164","2020-09-11","K2","7","7","Ambient","Pathogen",0.663,"2020-09-11_A164"
"A165","2020-08-12","K2","10","2","NH4","Placebo",0.661,"2020-08-12_A165","2020-09-02","K2","2","2","NH4","Placebo",0.604,"2020-09-02_A165","2020-09-11","K2","2","2","NH4","Placebo",0.597,"2020-09-11_A165"
"A166","2020-08-12","K2","10","5","Ambient","Pathogen",0.672,"2020-08-12_A166","2020-09-02","K2","5","5","Ambient","Pathogen",0.622,"2020-09-02_A166","2020-09-11","K2","5","5","Ambient","Pathogen",0.621,"2020-09-11_A166"
"A167","2020-08-12","K2","10","3","NH4","Pathogen",0.662,"2020-08-12_A167","2020-09-02","K2","7","3","NH4","Pathogen",0.625,"2020-09-02_A167","2020-09-11","K2","3","3","NH4","Pathogen",0.572,"2020-09-11_A167"
"A168","2020-08-12","K2","10","8","Ambient","Pathogen",0.691,"2020-08-12_A168","2020-09-02","K2","8","8","Ambient","Pathogen",0.652,"2020-09-02_A168","2020-09-11","K2","8","8","Ambient","Pathogen",0.617,"2020-09-11_A168"
"A169","2020-08-12","K2","10","7","Ambient","Placebo",0.649,"2020-08-12_A169","2020-09-02","K2","3","7","Ambient","Placebo",0.524,"2020-09-02_A169","2020-09-11","K2","7","7","Ambient","Placebo",0.6,"2020-09-11_A169"
"A170","2020-08-12","K2","10","7","Ambient","Pathogen",0.673,"2020-08-12_A170","2020-09-02","K2","3","7","Ambient","Pathogen",0.629,"2020-09-02_A170","2020-09-11","K2","7","7","Ambient","Pathogen",0.618,"2020-09-11_A170"
"A171","2020-08-12","K2","10","8","Ambient","Placebo",0.639,"2020-08-12_A171","2020-09-02","K2","8","8","Ambient","Placebo",0.587,"2020-09-02_A171","2020-09-11","K2","8","8","Ambient","Placebo",0.607,"2020-09-11_A171"
"A172","2020-08-12","K2","10","4","NH4","Placebo",0.688,"2020-08-12_A172","2020-09-02","K2","4","4","NH4","Placebo",0.63,"2020-09-02_A172","2020-09-11","K2","4","4","NH4","Placebo",0.644,"2020-09-11_A172"
"A173","2020-08-12","K2","10","6","Ambient","Placebo",0.661,"2020-08-12_A173","2020-09-02","K2","6","6","Ambient","Placebo",0.602,"2020-09-02_A173","2020-09-11","K2","6","6","Ambient","Placebo",0.582,"2020-09-11_A173"
"A174","2020-08-12","K2","10","6","Ambient","Pathogen",0.68,"2020-08-12_A174","2020-09-02","K2","6","6","Ambient","Pathogen",0.614,"2020-09-02_A174","2020-09-11","K2","6","6","Ambient","Pathogen",0.62,"2020-09-11_A174"
"A006","2020-08-12","U44","11","8","Ambient","Placebo",0.688,"2020-08-12_A006","2020-09-02","U44","8","8","Ambient","Placebo",0.667,"2020-09-02_A006","2020-09-11","U44","8","8","Ambient","Placebo",0.646,"2020-09-11_A006"
"A011","2020-08-12","U44","11","3","NH4","Pathogen",0.685,"2020-08-12_A011","2020-09-04","U44","7","3","NH4","Pathogen",0.579,"2020-09-04_A011","2020-09-11","U44","3","3","NH4","Pathogen",0.658,"2020-09-11_A011"
"A067","2020-08-12","U44","11","1","NH4","Pathogen",0.691,"2020-08-12_A067","2020-09-02","U44","1","1","NH4","Pathogen",0.672,"2020-09-02_A067","2020-09-11","U44","1","1","NH4","Pathogen",0.685,"2020-09-11_A067"
"A071","2020-08-12","U44","11","4","NH4","Placebo",0.679,"2020-08-12_A071","2020-09-02","U44","4","4","NH4","Placebo",0.653,"2020-09-02_A071","2020-09-11","U44","4","4","NH4","Placebo",0.668,"2020-09-11_A071"
"A085","2020-08-12","U44","11","8","Ambient","Pathogen",0.683,"2020-08-12_A085","2020-09-02","U44","8","8","Ambient","Pathogen",0.674,"2020-09-02_A085","2020-09-11","U44","8","8","Ambient","Pathogen",0.671,"2020-09-11_A085"
"A091","2020-08-12","U44","11","5","Ambient","Placebo",0.684,"2020-08-12_A091","2020-09-02","U44","5","5","Ambient","Placebo",0.686,"2020-09-02_A091","2020-09-11","U44","5","5","Ambient","Placebo",0.629,"2020-09-11_A091"
"A102","2020-08-12","U44","11","4","NH4","Pathogen",0.674,"2020-08-12_A102","2020-09-02","U44","4","4","NH4","Pathogen",0.685,"2020-09-02_A102","2020-09-11","U44","4","4","NH4","Pathogen",0.698,"2020-09-11_A102"
"A104","2020-08-12","U44","11","7","Ambient","Pathogen",0.676,"2020-08-12_A104","2020-09-02","U44","3","7","Ambient","Pathogen",0.67,"2020-09-02_A104","2020-09-11","U44","7","7","Ambient","Pathogen",0.661,"2020-09-11_A104"
"A105","2020-08-12","U44","11","1","NH4","Placebo",0.676,"2020-08-12_A105","2020-09-02","U44","1","1","NH4","Placebo",0.64,"2020-09-02_A105","2020-09-11","U44","1","1","NH4","Placebo",0.593,"2020-09-11_A105"
"A106","2020-08-12","U44","11","3","NH4","Placebo",0.678,"2020-08-12_A106","2020-09-02","U44","7","3","NH4","Placebo",0.692,"2020-09-02_A106","2020-09-11","U44","3","3","NH4","Placebo",0.666,"2020-09-11_A106"
"A109","2020-08-12","U44","11","5","Ambient","Placebo",0.681,"2020-08-12_A109","2020-09-02","U44","5","5","Ambient","Placebo",0.669,"2020-09-02_A109","2020-09-11","U44","5","5","Ambient","Placebo",0.642,"2020-09-11_A109"
"A111","2020-08-12","U44","11","2","NH4","Pathogen",0.681,"2020-08-12_A111","2020-09-02","U44","2","2","NH4","Pathogen",0.676,"2020-09-02_A111","2020-09-11","U44","2","2","NH4","Pathogen",0.66,"2020-09-11_A111"
"A113","2020-08-12","U44","11","7","Ambient","Pathogen",0.678,"2020-08-12_A113","2020-09-02","U44","3","7","Ambient","Pathogen",0.695,"2020-09-02_A113","2020-09-11","U44","7","7","Ambient","Pathogen",0.664,"2020-09-11_A113"
"A120","2020-08-12","U44","11","7","Ambient","Placebo",0.676,"2020-08-12_A120","2020-09-02","U44","3","7","Ambient","Placebo",0.639,"2020-09-02_A120","2020-09-11","U44","7","7","Ambient","Placebo",0.674,"2020-09-11_A120"
"A121","2020-08-12","U44","11","5","Ambient","Pathogen",0.68,"2020-08-12_A121","2020-09-02","U44","5","5","Ambient","Pathogen",0.669,"2020-09-02_A121","2020-09-11","U44","5","5","Ambient","Pathogen",0.651,"2020-09-11_A121"
"A122","2020-08-12","U44","11","6","Ambient","Placebo",0.663,"2020-08-12_A122","2020-09-02","U44","6","6","Ambient","Placebo",0.682,"2020-09-02_A122","2020-09-11","U44","6","6","Ambient","Placebo",0.632,"2020-09-11_A122"
"A127","2020-08-12","U44","11","1","NH4","Placebo",0.668,"2020-08-12_A127","2020-09-02","U44","1","1","NH4","Placebo",0.665,"2020-09-02_A127","2020-09-11","U44","1","1","NH4","Placebo",0.661,"2020-09-11_A127"
"A128","2020-08-12","U44","11","6","Ambient","Placebo",0.681,"2020-08-12_A128","2020-09-02","U44","6","6","Ambient","Placebo",0.638,"2020-09-02_A128","2020-09-11","U44","6","6","Ambient","Placebo",0.661,"2020-09-11_A128"
"A129","2020-08-12","U44","11","4","NH4","Pathogen",0.667,"2020-08-12_A129","2020-09-02","U44","4","4","NH4","Pathogen",0.676,"2020-09-02_A129","2020-09-11","U44","4","4","NH4","Pathogen",0.674,"2020-09-11_A129"
"A130","2020-08-12","U44","11","3","NH4","Pathogen",0.686,"2020-08-12_A130","2020-09-02","U44","7","3","NH4","Pathogen",0.688,"2020-09-02_A130","2020-09-11","U44","3","3","NH4","Pathogen",0.598,"2020-09-11_A130"
"A131","2020-08-12","U44","11","2","NH4","Placebo",0.691,"2020-08-12_A131","2020-09-02","U44","2","2","NH4","Placebo",0.695,"2020-09-02_A131","2020-09-11","U44","2","2","NH4","Placebo",0.654,"2020-09-11_A131"
"A132","2020-08-12","U44","11","6","Ambient","Pathogen",0.68,"2020-08-12_A132","2020-09-02","U44","6","6","Ambient","Pathogen",0.664,"2020-09-02_A132","2020-09-11","U44","6","6","Ambient","Pathogen",0.649,"2020-09-11_A132"
"A133","2020-08-12","U44","11","8","Ambient","Pathogen",0.681,"2020-08-12_A133","2020-09-02","U44","8","8","Ambient","Pathogen",0.658,"2020-09-02_A133","2020-09-11","U44","8","8","Ambient","Pathogen",0.66,"2020-09-11_A133"
"A134","2020-08-12","U44","11","2","NH4","Placebo",0.683,"2020-08-12_A134","2020-09-02","U44","2","2","NH4","Placebo",0.68,"2020-09-02_A134","2020-09-11","U44","2","2","NH4","Placebo",0.664,"2020-09-11_A134"
"A141","2020-08-12","U44","11","Holding","Extra","Extra",0.683,"2020-08-12_A141",NA,NA,NA,NA,NA,NA,NA,NA,NA,NA,NA,NA,NA,NA,NA,NA
"A148","2020-08-12","U44","11","Holding","Extra","Extra",0.638,"2020-08-12_A148",NA,NA,NA,NA,NA,NA,NA,NA,NA,NA,NA,NA,NA,NA,NA,NA
"A001","2020-08-12","Kelsey-1","5","1","NH4","Pathogen",0.627,"2020-08-12_A001","2020-09-02","Kelsey-1","1","1","NH4","Pathogen",0.586,"2020-09-02_A001","2020-09-11","Kelsey-1","1","1","NH4","Pathogen",0.54,"2020-09-11_A001"
"A002","2020-08-12","Kelsey-1","5","4","NH4","Pathogen",0.651,"2020-08-12_A002","2020-09-04","Kelsey-1","4","4","NH4","Pathogen",0.671,"2020-09-04_A002","2020-09-11","Kelsey-1","4","4","NH4","Pathogen",0.568,"2020-09-11_A002"
"A003","2020-08-12","Kelsey-1","5","6","Ambient","Pathogen",0.646,"2020-08-12_A003","2020-09-02","Kelsey-1","6","6","Ambient","Pathogen",0.584,"2020-09-02_A003","2020-09-11","Kelsey-1","6","6","Ambient","Pathogen",0.532,"2020-09-11_A003"
"A004","2020-08-12","Kelsey-1","5","5","Ambient","Pathogen",0.578,"2020-08-12_A004","2020-09-02","Kelsey-1","5","5","Ambient","Pathogen",0.561,"2020-09-02_A004","2020-09-11","Kelsey-1","5","5","Ambient","Pathogen",0.55,"2020-09-11_A004"
"A005","2020-08-12","Kelsey-1","5","7","Ambient","Pathogen",0.637,"2020-08-12_A005","2020-09-02","Kelsey-1","3","7","Ambient","Pathogen",0.502,"2020-09-02_A005","2020-09-11","Kelsey-1","7","7","Ambient","Pathogen",0.48,"2020-09-11_A005"
"A007","2020-08-12","Kelsey-1","5","1","NH4","Placebo",0.631,"2020-08-12_A007","2020-09-02","Kelsey-1","1","1","NH4","Placebo",0.547,"2020-09-02_A007","2020-09-11","Kelsey-1","1","1","NH4","Placebo",0.517,"2020-09-11_A007"
"A008","2020-08-12","Kelsey-1","5","4","NH4","Placebo",0.645,"2020-08-12_A008","2020-09-04","Kelsey-1","4","4","NH4","Placebo",0.534,"2020-09-04_A008","2020-09-11","Kelsey-1","4","4","NH4","Placebo",0.492,"2020-09-11_A008"
"A009","2020-08-12","Kelsey-1","5","1","NH4","Placebo",0.654,"2020-08-12_A009","2020-09-02","Kelsey-1","1","1","NH4","Placebo",0.572,"2020-09-02_A009","2020-09-11","Kelsey-1","1","1","NH4","Placebo",0.553,"2020-09-11_A009"
"A010","2020-08-12","Kelsey-1","5","2","NH4","Placebo",0.626,"2020-08-12_A010","2020-09-02","Kelsey-1","2","2","NH4","Placebo",0.586,"2020-09-02_A010","2020-09-11","Kelsey-1","2","2","NH4","Placebo",0.531,"2020-09-11_A010"
"A012","2020-08-12","Kelsey-1","5","7","Ambient","Placebo",0.583,"2020-08-12_A012","2020-09-02","Kelsey-1","3","7","Ambient","Placebo",0.549,"2020-09-02_A012","2020-09-11","Kelsey-1","7","7","Ambient","Placebo",0.488,"2020-09-11_A012"
"A013","2020-08-12","Kelsey-1","5","8","Ambient","Placebo",0.676,"2020-08-12_A013","2020-09-02","Kelsey-1","8","8","Ambient","Placebo",0.579,"2020-09-02_A013","2020-09-11","Kelsey-1","8","8","Ambient","Placebo",0.55,"2020-09-11_A013"
"A014","2020-08-12","Kelsey-1","5","3","NH4","Placebo",0.648,"2020-08-12_A014","2020-09-04","Kelsey-1","7","3","NH4","Placebo",0.471,"2020-09-04_A014","2020-09-11","Kelsey-1","3","3","NH4","Placebo",0.514,"2020-09-11_A014"
"A015","2020-08-12","Kelsey-1","5","5","Ambient","Placebo",0.656,"2020-08-12_A015","2020-09-02","Kelsey-1","5","5","Ambient","Placebo",0.577,"2020-09-02_A015","2020-09-11","Kelsey-1","5","5","Ambient","Placebo",0.552,"2020-09-11_A015"
"A093","2020-08-12","Kelsey-1","5","8","Ambient","Pathogen",0.65,"2020-08-12_A093","2020-09-02","Kelsey-1","8","8","Ambient","Pathogen",0.592,"2020-09-02_A093","2020-09-11","Kelsey-1","8","8","Ambient","Pathogen",0.583,"2020-09-11_A093"
"A094","2020-08-12","Kelsey-1","5","3","NH4","Pathogen",0.665,"2020-08-12_A094","2020-09-02","Kelsey-1","7","3","NH4","Pathogen",0.55,"2020-09-02_A094","2020-09-11","Kelsey-1","3","3","NH4","Pathogen",0.488,"2020-09-11_A094"
"A095","2020-08-12","Kelsey-1","5","5","Ambient","Pathogen",0.659,"2020-08-12_A095","2020-09-02","Kelsey-1","5","5","Ambient","Pathogen",0.514,"2020-09-02_A095","2020-09-11","Kelsey-1","5","5","Ambient","Pathogen",0.528,"2020-09-11_A095"
"A096","2020-08-12","Kelsey-1","5","6","Ambient","Placebo",0.663,"2020-08-12_A096","2020-09-02","Kelsey-1","6","6","Ambient","Placebo",0.547,"2020-09-02_A096","2020-09-11","Kelsey-1","6","6","Ambient","Placebo",0.536,"2020-09-11_A096"
"A097","2020-08-12","Kelsey-1","5","2","NH4","Pathogen",0.644,"2020-08-12_A097","2020-09-02","Kelsey-1","2","2","NH4","Pathogen",0.572,"2020-09-02_A097","2020-09-11","Kelsey-1","2","2","NH4","Pathogen",0.546,"2020-09-11_A097"
"A098","2020-08-12","Kelsey-1","5","6","Ambient","Pathogen",0.668,"2020-08-12_A098","2020-09-02","Kelsey-1","6","6","Ambient","Pathogen",0.587,"2020-09-02_A098","2020-09-11","Kelsey-1","6","6","Ambient","Pathogen",0.548,"2020-09-11_A098"
"A099","2020-08-12","Kelsey-1","5","8","Ambient","Placebo",0.641,"2020-08-12_A099","2020-09-02","Kelsey-1","8","8","Ambient","Placebo",0.595,"2020-09-02_A099","2020-09-11","Kelsey-1","8","8","Ambient","Placebo",0.565,"2020-09-11_A099"
"A100","2020-08-12","Kelsey-1","5","3","NH4","Pathogen",0.657,"2020-08-12_A100","2020-09-02","Kelsey-1","7","3","NH4","Pathogen",0.605,"2020-09-02_A100","2020-09-11","Kelsey-1","3","3","NH4","Pathogen",0.562,"2020-09-11_A100"
"A101","2020-08-12","Kelsey-1","5","2","NH4","Placebo",0.667,"2020-08-12_A101","2020-09-02","Kelsey-1","2","2","NH4","Placebo",0.549,"2020-09-02_A101","2020-09-11","Kelsey-1","2","2","NH4","Placebo",0.555,"2020-09-11_A101"
"A103","2020-08-12","Kelsey-1","5","7","Ambient","Placebo",0.649,"2020-08-12_A103","2020-09-02","Kelsey-1","3","7","Ambient","Placebo",0.568,"2020-09-02_A103","2020-09-11","Kelsey-1","7","7","Ambient","Placebo",0.568,"2020-09-11_A103"
"306",NA,NA,NA,NA,NA,NA,NA,NA,"2020-09-04","Kelsey-1","Holding","Holding","Extra","Extra",0.508,"2020-09-04_306",NA,NA,NA,NA,NA,NA,NA,NA
"355",NA,NA,NA,NA,NA,NA,NA,NA,"2020-09-04","Acerv2","Holding","Holding","Extra","Extra",0.664,"2020-09-04_355",NA,NA,NA,NA,NA,NA,NA,NA
"410",NA,NA,NA,NA,NA,NA,NA,NA,"2020-09-04","K2","Holding","6","Ambient","Placebo",0.706,"2020-09-04_410","2020-09-11","K2","6","6","Ambient","Placebo",0.674,"2020-09-11_410"
"A136",NA,NA,NA,NA,NA,NA,NA,NA,"2020-09-04","Kelsey-1","Holding","Holding","Extra","Extra",0.577,"2020-09-04_A136",NA,NA,NA,NA,NA,NA,NA,NA
"A145",NA,NA,NA,NA,NA,NA,NA,NA,"2020-09-04","Elkhorn","Holding","6","Ambient","Pathogen",0.673,"2020-09-04_A145","2020-09-11","Elkhorn","6","6","Ambient","Pathogen",0.663,"2020-09-11_A145"
"A142",NA,NA,NA,NA,NA,NA,NA,NA,"2020-09-04","Elkhorn","Holding","Holding","Extra","Extra",0.659,"2020-09-04_A142",NA,NA,NA,NA,NA,NA,NA,NA
"A153",NA,NA,NA,NA,NA,NA,NA,NA,"2020-09-04","Kelsey-1","Holding","4","NH4","Pathogen",0.613,"2020-09-04_A153","2020-09-11","Kelsey-1","4","4","NH4","Pathogen",0.574,"2020-09-11_A153"
"358",NA,NA,NA,NA,NA,NA,NA,NA,NA,NA,NA,NA,NA,NA,NA,NA,"2020-09-11","FM19","5","5","Ambient","Pathogen",0.571,"2020-09-11_358"
"469",NA,NA,NA,NA,NA,NA,NA,NA,NA,NA,NA,NA,NA,NA,NA,NA,"2020-09-11","Acerv2","8","8","Ambient","Pathogen",0.613,"2020-09-11_469"
