Plate ID,Well ,Sample ID,User ID,Date ,Time ,Conc. ,Units ,A260 ,A280 ,260/280 ,260/230 ,Conc. Factor (ng/ul),Cursor Pos.,Cursor abs.,340 raw,Measurement Type,NA Type,Oligo ,Ext.C. (L/(mol*cm)),M.W. (g/mol),Phosphate ,DS ,# Bases,%GC ,Mod. Weight,Serial #,Config. 
Plate1NormalizedResistada,A1,,Default,03/12/21,10:27:00 AM,1.817,ng/ul,0.036,-0.019,-1.93,-0.65,50,260,0.036,0.03,Measure,DNA-50,,,,,,,,,BG01695000C3404,-0.61/28/16/
Plate1NormalizedResistada,B1,,Default,03/12/21,10:27:00 AM,-0.8798,ng/ul,-0.018,-0.052,0.34,0.12,50,260,-0.018,-0.027,Measure,DNA-50,,,,,,,,,BG01695000C3404,-0.61/36/16/
Plate1NormalizedResistada,C1,,Default,03/12/21,10:27:00 AM,-8.701,ng/ul,-0.174,-0.168,1.04,0.25,50,260,-0.174,-0.068,Measure,DNA-50,,,,,,,,,BG01695000C3404,-0.61/40/16/
Plate1NormalizedResistada,D1,,Default,03/12/21,10:27:00 AM,-2,ng/ul,-0.04,-0.082,0.49,0.15,50,260,-0.04,0.023,Measure,DNA-50,,,,,,,,,BG01695000C3404,-0.61/28/16/
Plate1NormalizedResistada,E1,,Default,03/12/21,10:27:00 AM,-0.482,ng/ul,-0.01,-0.056,0.17,0.12,50,260,-0.01,0.019,Measure,DNA-50,,,,,,,,,BG01695000C3404,-0.61/32/16/
Plate1NormalizedResistada,F1,,Default,03/12/21,10:27:00 AM,-1.193,ng/ul,-0.024,-0.06,0.4,0.37,50,260,-0.024,0.013,Measure,DNA-50,,,,,,,,,BG01695000C3404,-0.61/32/16/
Plate1NormalizedResistada,G1,,Default,03/12/21,10:27:00 AM,-0.8914,ng/ul,-0.018,-0.071,0.25,0.24,50,260,-0.018,0.017,Measure,DNA-50,,,,,,,,,BG01695000C3404,-0.61/32/16/
Plate1NormalizedResistada,H1,,Default,03/12/21,10:27:00 AM,-0.8378,ng/ul,-0.017,-0.06,0.28,0.21,50,260,-0.017,0.049,Measure,DNA-50,,,,,,,,,BG01695000C3404,-0.61/36/16/
Plate1NormalizedResistada,A2,,Default,03/12/21,10:35:00 AM,1.423,ng/ul,0.028,0.015,1.96,1.31,50,260,0.028,0.004,Measure,DNA-50,,,,,,,,,BG01695000C3404,-0.61/28/16/
Plate1NormalizedResistada,B2,,Default,03/12/21,10:35:00 AM,1.483,ng/ul,0.03,0.002,13.55,2.14,50,260,0.03,0.044,Measure,DNA-50,,,,,,,,,BG01695000C3404,-0.61/36/16/
Plate1NormalizedResistada,C2,,Default,03/12/21,10:35:00 AM,2.71,ng/ul,0.054,0.031,1.77,2.34,50,260,0.054,0.007,Measure,DNA-50,,,,,,,,,BG01695000C3404,-0.61/40/16/
Plate1NormalizedResistada,D2,,Default,03/12/21,10:35:00 AM,1.684,ng/ul,0.034,0.021,1.61,1.25,50,260,0.034,0.008,Measure,DNA-50,,,,,,,,,BG01695000C3404,-0.61/28/16/
Plate1NormalizedResistada,E2,,Default,03/12/21,10:35:00 AM,1.702,ng/ul,0.034,0.02,1.67,1.82,50,260,0.034,-0.005,Measure,DNA-50,,,,,,,,,BG01695000C3404,-0.61/32/16/
Plate1NormalizedResistada,F2,,Default,03/12/21,10:35:00 AM,1.633,ng/ul,0.033,0.012,2.81,1.72,50,260,0.033,0.003,Measure,DNA-50,,,,,,,,,BG01695000C3404,-0.61/32/16/
Plate1NormalizedResistada,G2,,Default,03/12/21,10:35:00 AM,1.37,ng/ul,0.027,0.014,1.94,2.31,50,260,0.027,-0.03,Measure,DNA-50,,,,,,,,,BG01695000C3404,-0.61/32/16/
Plate1NormalizedResistada,H2,,Default,03/12/21,10:35:00 AM,1.289,ng/ul,0.026,0.011,2.32,2.29,50,260,0.026,-0.005,Measure,DNA-50,,,,,,,,,BG01695000C3404,-0.61/36/16/
Plate1NormalizedResistada,A3,,Default,03/12/21,10:36:00 AM,1.353,ng/ul,0.027,0.015,1.78,-0.76,50,260,0.027,0.018,Measure,DNA-50,,,,,,,,,BG01695000C3404,-0.61/28/16/
Plate1NormalizedResistada,B3,,Default,03/12/21,10:36:00 AM,1.65,ng/ul,0.033,0.008,3.96,3.44,50,260,0.033,0.027,Measure,DNA-50,,,,,,,,,BG01695000C3404,-0.61/36/16/
Plate1NormalizedResistada,C3,,Default,03/12/21,10:36:00 AM,1.135,ng/ul,0.023,0.015,1.49,8.34,50,260,0.023,-0.004,Measure,DNA-50,,,,,,,,,BG01695000C3404,-0.61/40/16/
Plate1NormalizedResistada,D3,,Default,03/12/21,10:36:00 AM,1.847,ng/ul,0.037,0.027,1.34,1.3,50,260,0.037,-0.021,Measure,DNA-50,,,,,,,,,BG01695000C3404,-0.61/28/16/
Plate1NormalizedResistada,E3,,Default,03/12/21,10:36:00 AM,1.111,ng/ul,0.022,0.018,1.22,1.11,50,260,0.022,-0.026,Measure,DNA-50,,,,,,,,,BG01695000C3404,-0.61/32/16/
Plate1NormalizedResistada,F3,,Default,03/12/21,10:36:00 AM,1.535,ng/ul,0.031,0.004,7.37,1.69,50,260,0.031,0.023,Measure,DNA-50,,,,,,,,,BG01695000C3404,-0.61/32/16/
Plate1NormalizedResistada,G3,,Default,03/12/21,10:36:00 AM,0.6022,ng/ul,0.012,0.003,4.25,-10.08,50,260,0.012,0.018,Measure,DNA-50,,,,,,,,,BG01695000C3404,-0.61/32/16/
Plate1NormalizedResistada,H3,,Default,03/12/21,10:36:00 AM,1.767,ng/ul,0.035,0.021,1.71,1.87,50,260,0.035,0.005,Measure,DNA-50,,,,,,,,,BG01695000C3404,-0.61/36/16/
Plate1NormalizedResistada,A4,,Default,03/12/21,10:37:00 AM,2.327,ng/ul,0.047,0.031,1.48,1.27,50,260,0.047,-0.017,Measure,DNA-50,,,,,,,,,BG01695000C3404,-0.61/28/16/
Plate1NormalizedResistada,B4,,Default,03/12/21,10:37:00 AM,1.574,ng/ul,0.031,0.012,2.56,1.95,50,260,0.031,0.035,Measure,DNA-50,,,,,,,,,BG01695000C3404,-0.61/36/16/
Plate1NormalizedResistada,C4,,Default,03/12/21,10:37:00 AM,1.855,ng/ul,0.037,0.018,2.11,2.1,50,260,0.037,0.003,Measure,DNA-50,,,,,,,,,BG01695000C3404,-0.61/40/16/
Plate1NormalizedResistada,D4,,Default,03/12/21,10:37:00 AM,2.219,ng/ul,0.044,0.03,1.48,1.31,50,260,0.044,-0.011,Measure,DNA-50,,,,,,,,,BG01695000C3404,-0.61/28/16/
Plate1NormalizedResistada,E4,,Default,03/12/21,10:37:00 AM,1.551,ng/ul,0.031,0.028,1.1,0.92,50,260,0.031,-0.017,Measure,DNA-50,,,,,,,,,BG01695000C3404,-0.61/32/16/
Plate1NormalizedResistada,F4,,Default,03/12/21,10:37:00 AM,2.085,ng/ul,0.042,0.016,2.66,1.23,50,260,0.042,0.012,Measure,DNA-50,,,,,,,,,BG01695000C3404,-0.61/32/16/
Plate1NormalizedResistada,G4,,Default,03/12/21,10:37:00 AM,0.9546,ng/ul,0.019,0.013,1.52,3.05,50,260,0.019,-0.011,Measure,DNA-50,,,,,,,,,BG01695000C3404,-0.61/32/16/
Plate1NormalizedResistada,H4,,Default,03/12/21,10:37:00 AM,2.339,ng/ul,0.047,0.03,1.56,0.91,50,260,0.047,-0.031,Measure,DNA-50,,,,,,,,,BG01695000C3404,-0.61/36/16/
Plate1NormalizedResistada,A5,,Default,03/12/21,10:38:00 AM,1.591,ng/ul,0.032,0.016,2.05,1.31,50,260,0.032,0.012,Measure,DNA-50,,,,,,,,,BG01695000C3404,-0.61/28/16/
Plate1NormalizedResistada,B5,,Default,03/12/21,10:38:00 AM,1.385,ng/ul,0.028,0.015,1.81,15.2,50,260,0.028,0.011,Measure,DNA-50,,,,,,,,,BG01695000C3404,-0.61/36/16/
Plate1NormalizedResistada,C5,,Default,03/12/21,10:38:00 AM,2.061,ng/ul,0.041,0.019,2.22,5.5,50,260,0.041,0.019,Measure,DNA-50,,,,,,,,,BG01695000C3404,-0.61/40/16/
Plate1NormalizedResistada,D5,,Default,03/12/21,10:38:00 AM,2.158,ng/ul,0.043,0.028,1.55,1.54,50,260,0.043,0.016,Measure,DNA-50,,,,,,,,,BG01695000C3404,-0.61/28/16/
Plate1NormalizedResistada,E5,,Default,03/12/21,10:38:00 AM,1.073,ng/ul,0.021,0.016,1.38,1.58,50,260,0.021,-0.016,Measure,DNA-50,,,,,,,,,BG01695000C3404,-0.61/32/16/
Plate1NormalizedResistada,F5,,Default,03/12/21,10:38:00 AM,0.8897,ng/ul,0.018,0.006,2.8,1.83,50,260,0.018,-0.009,Measure,DNA-50,,,,,,,,,BG01695000C3404,-0.61/32/16/
Plate1NormalizedResistada,G5,,Default,03/12/21,10:38:00 AM,0.9239,ng/ul,0.018,0.001,13.44,3.96,50,260,0.018,-0.009,Measure,DNA-50,,,,,,,,,BG01695000C3404,-0.61/32/16/
Plate1NormalizedResistada,H5,,Default,03/12/21,10:38:00 AM,1.202,ng/ul,0.024,0.011,2.29,1.98,50,260,0.024,0.007,Measure,DNA-50,,,,,,,,,BG01695000C3404,-0.61/36/16/
Plate1NormalizedResistada,A6,,Default,03/12/21,10:39:00 AM,0.7176,ng/ul,0.014,0.014,1.02,1.13,50,260,0.014,-0.009,Measure,DNA-50,,,,,,,,,BG01695000C3404,-0.61/28/16/
Plate1NormalizedResistada,B6,,Default,03/12/21,10:39:00 AM,1.371,ng/ul,0.027,0.007,3.88,3.65,50,260,0.027,0.036,Measure,DNA-50,,,,,,,,,BG01695000C3404,-0.61/36/16/
Plate1NormalizedResistada,C6,,Default,03/12/21,10:39:00 AM,5.903,ng/ul,0.118,0.065,1.8,1.99,50,260,0.118,0.004,Measure,DNA-50,,,,,,,,,BG01695000C3404,-0.61/40/16/
Plate1NormalizedResistada,D6,,Default,03/12/21,10:39:00 AM,1.851,ng/ul,0.037,0.024,1.53,1.65,50,260,0.037,0,Measure,DNA-50,,,,,,,,,BG01695000C3404,-0.61/28/16/
Plate1NormalizedResistada,E6,,Default,03/12/21,10:39:00 AM,1.335,ng/ul,0.027,0.015,1.77,1.68,50,260,0.027,0.006,Measure,DNA-50,,,,,,,,,BG01695000C3404,-0.61/32/16/
Plate1NormalizedResistada,F6,,Default,03/12/21,10:39:00 AM,0.981,ng/ul,0.02,0.001,15.25,3.31,50,260,0.02,0.037,Measure,DNA-50,,,,,,,,,BG01695000C3404,-0.61/32/16/
Plate1NormalizedResistada,G6,,Default,03/12/21,10:39:00 AM,1.537,ng/ul,0.031,0.011,2.9,2.06,50,260,0.031,0.001,Measure,DNA-50,,,,,,,,,BG01695000C3404,-0.61/32/16/
Plate1NormalizedResistada,H6,,Default,03/12/21,10:39:00 AM,0.6236,ng/ul,0.012,0.001,13,12.28,50,260,0.012,0.023,Measure,DNA-50,,,,,,,,,BG01695000C3404,-0.61/36/16/
Plate1NormalizedResistada,A7,,Default,03/12/21,10:40:00 AM,0.9288,ng/ul,0.019,0.027,0.69,4.76,50,260,0.019,-0.017,Measure,DNA-50,,,,,,,,,BG01695000C3404,-0.61/28/16/
Plate1NormalizedResistada,B7,,Default,03/12/21,10:40:00 AM,0.8434,ng/ul,0.017,0.007,2.37,3.14,50,260,0.017,0.034,Measure,DNA-50,,,,,,,,,BG01695000C3404,-0.61/36/16/
Plate1NormalizedResistada,C7,,Default,03/12/21,10:40:00 AM,1.741,ng/ul,0.035,0.02,1.73,17.77,50,260,0.035,0.018,Measure,DNA-50,,,,,,,,,BG01695000C3404,-0.61/40/16/
Plate1NormalizedResistada,D7,,Default,03/12/21,10:40:00 AM,1.609,ng/ul,0.032,0.018,1.81,1.91,50,260,0.032,0.012,Measure,DNA-50,,,,,,,,,BG01695000C3404,-0.61/28/16/
Plate1NormalizedResistada,E7,,Default,03/12/21,10:40:00 AM,1.077,ng/ul,0.022,0.012,1.87,1.95,50,260,0.022,-0.005,Measure,DNA-50,,,,,,,,,BG01695000C3404,-0.61/32/16/
Plate1NormalizedResistada,F7,,Default,03/12/21,10:40:00 AM,2.094,ng/ul,0.042,0.017,2.43,1.32,50,260,0.042,0.001,Measure,DNA-50,,,,,,,,,BG01695000C3404,-0.61/32/16/
Plate1NormalizedResistada,G7,,Default,03/12/21,10:40:00 AM,1.277,ng/ul,0.026,0.019,1.35,2.05,50,260,0.026,-0.013,Measure,DNA-50,,,,,,,,,BG01695000C3404,-0.61/32/16/
Plate1NormalizedResistada,H7,,Default,03/12/21,10:40:00 AM,1.49,ng/ul,0.03,0.015,2.03,2.32,50,260,0.03,-0.007,Measure,DNA-50,,,,,,,,,BG01695000C3404,-0.61/36/16/
Plate1NormalizedResistada,A8,,Default,03/12/21,10:40:00 AM,1.68,ng/ul,0.034,0.033,1.03,1.18,50,260,0.034,-0.006,Measure,DNA-50,,,,,,,,,BG01695000C3404,-0.61/28/16/
Plate1NormalizedResistada,B8,,Default,03/12/21,10:40:00 AM,1.685,ng/ul,0.034,0.018,1.86,0.89,50,260,0.034,0.035,Measure,DNA-50,,,,,,,,,BG01695000C3404,-0.61/36/16/
Plate1NormalizedResistada,C8,,Default,03/12/21,10:40:00 AM,2.015,ng/ul,0.04,0.027,1.51,1.04,50,260,0.04,0.121,Measure,DNA-50,,,,,,,,,BG01695000C3404,-0.61/40/16/
Plate1NormalizedResistada,D8,,Default,03/12/21,10:40:00 AM,1.99,ng/ul,0.04,0.033,1.22,1.49,50,260,0.04,0.012,Measure,DNA-50,,,,,,,,,BG01695000C3404,-0.61/28/16/
Plate1NormalizedResistada,E8,,Default,03/12/21,10:40:00 AM,0.8349,ng/ul,0.017,0.013,1.27,3.4,50,260,0.017,-0.007,Measure,DNA-50,,,,,,,,,BG01695000C3404,-0.61/32/16/
Plate1NormalizedResistada,F8,,Default,03/12/21,10:40:00 AM,1.637,ng/ul,0.033,0.009,3.69,1.72,50,260,0.033,0.006,Measure,DNA-50,,,,,,,,,BG01695000C3404,-0.61/32/16/
Plate1NormalizedResistada,G8,,Default,03/12/21,10:40:00 AM,1.567,ng/ul,0.031,0.022,1.44,2.77,50,260,0.031,-0.027,Measure,DNA-50,,,,,,,,,BG01695000C3404,-0.61/32/16/
Plate1NormalizedResistada,H8,,Default,03/12/21,10:40:00 AM,2.554,ng/ul,0.051,0.032,1.6,1.5,50,260,0.051,-0.018,Measure,DNA-50,,,,,,,,,BG01695000C3404,-0.61/36/16/
Plate1NormalizedResistada,A9,,Default,03/12/21,10:41:00 AM,2.457,ng/ul,0.049,0.034,1.46,2.51,50,260,0.049,0.001,Measure,DNA-50,,,,,,,,,BG01695000C3404,-0.61/28/16/
Plate1NormalizedResistada,B9,,Default,03/12/21,10:41:00 AM,2.009,ng/ul,0.04,0.019,2.15,2.48,50,260,0.04,0.018,Measure,DNA-50,,,,,,,,,BG01695000C3404,-0.61/36/16/
Plate1NormalizedResistada,C9,,Default,03/12/21,10:41:00 AM,1.734,ng/ul,0.035,0.022,1.61,12.55,50,260,0.035,0.01,Measure,DNA-50,,,,,,,,,BG01695000C3404,-0.61/40/16/
Plate1NormalizedResistada,D9,,Default,03/12/21,10:41:00 AM,1.773,ng/ul,0.035,0.03,1.17,2.63,50,260,0.035,-0.019,Measure,DNA-50,,,,,,,,,BG01695000C3404,-0.61/28/16/
Plate1NormalizedResistada,E9,,Default,03/12/21,10:41:00 AM,1.295,ng/ul,0.026,0.017,1.56,2.23,50,260,0.026,-0.021,Measure,DNA-50,,,,,,,,,BG01695000C3404,-0.61/32/16/
Plate1NormalizedResistada,F9,,Default,03/12/21,10:41:00 AM,2.021,ng/ul,0.04,0.023,1.79,1.67,50,260,0.04,-0.021,Measure,DNA-50,,,,,,,,,BG01695000C3404,-0.61/32/16/
Plate1NormalizedResistada,G9,,Default,03/12/21,10:41:00 AM,0.7382,ng/ul,0.015,0.014,1.05,69.37,50,260,0.015,-0.039,Measure,DNA-50,,,,,,,,,BG01695000C3404,-0.61/32/16/
Plate1NormalizedResistada,H9,,Default,03/12/21,10:41:00 AM,1.361,ng/ul,0.027,0.011,2.57,1.9,50,260,0.027,-0.036,Measure,DNA-50,,,,,,,,,BG01695000C3404,-0.61/36/16/
Plate1NormalizedResistada,A10,,Default,03/12/21,10:42:00 AM,1.598,ng/ul,0.032,0.018,1.76,3.04,50,260,0.032,-0.016,Measure,DNA-50,,,,,,,,,BG01695000C3404,-0.61/28/16/
Plate1NormalizedResistada,B10,,Default,03/12/21,10:42:00 AM,2.235,ng/ul,0.045,0.025,1.77,3.13,50,260,0.045,0.012,Measure,DNA-50,,,,,,,,,BG01695000C3404,-0.61/36/16/
Plate1NormalizedResistada,C10,,Default,03/12/21,10:42:00 AM,1.639,ng/ul,0.033,0.011,2.93,20.65,50,260,0.033,0.005,Measure,DNA-50,,,,,,,,,BG01695000C3404,-0.61/40/16/
Plate1NormalizedResistada,D10,,Default,03/12/21,10:42:00 AM,2.227,ng/ul,0.045,0.035,1.29,1.48,50,260,0.045,-0.017,Measure,DNA-50,,,,,,,,,BG01695000C3404,-0.61/28/16/
Plate1NormalizedResistada,E10,,Default,03/12/21,10:42:00 AM,1.188,ng/ul,0.024,0.022,1.07,4.04,50,260,0.024,-0.028,Measure,DNA-50,,,,,,,,,BG01695000C3404,-0.61/32/16/
Plate1NormalizedResistada,F10,,Default,03/12/21,10:42:00 AM,0.7168,ng/ul,0.014,-0.007,-1.97,-1.8,50,260,0.014,0.009,Measure,DNA-50,,,,,,,,,BG01695000C3404,-0.61/32/16/
Plate1NormalizedResistada,G10,,Default,03/12/21,10:42:00 AM,0.3928,ng/ul,0.008,-0.005,-1.44,-0.37,50,260,0.008,-0.024,Measure,DNA-50,,,,,,,,,BG01695000C3404,-0.61/32/16/
Plate1NormalizedResistada,H10,,Default,03/12/21,10:42:00 AM,2.58,ng/ul,0.052,0.029,1.79,1.73,50,260,0.052,-0.194,Measure,DNA-50,,,,,,,,,BG01695000C3404,-0.61/36/16/
Plate1NormalizedResistada,A11,,Default,03/12/21,10:43:00 AM,0.6601,ng/ul,0.013,0.009,1.46,1.33,50,260,0.013,-0.013,Measure,DNA-50,,,,,,,,,BG01695000C3404,-0.61/28/16/
Plate1NormalizedResistada,B11,,Default,03/12/21,10:43:00 AM,2.494,ng/ul,0.05,0.022,2.29,2.13,50,260,0.05,0.009,Measure,DNA-50,,,,,,,,,BG01695000C3404,-0.61/36/16/
Plate1NormalizedResistada,C11,,Default,03/12/21,10:43:00 AM,1.94,ng/ul,0.039,0.023,1.66,2.4,50,260,0.039,0.008,Measure,DNA-50,,,,,,,,,BG01695000C3404,-0.61/40/16/
Plate1NormalizedResistada,D11,,Default,03/12/21,10:43:00 AM,2.365,ng/ul,0.047,0.031,1.52,1.05,50,260,0.047,-0.015,Measure,DNA-50,,,,,,,,,BG01695000C3404,-0.61/28/16/
Plate1NormalizedResistada,E11,,Default,03/12/21,10:43:00 AM,1.142,ng/ul,0.023,0.018,1.24,2.36,50,260,0.023,-0.018,Measure,DNA-50,,,,,,,,,BG01695000C3404,-0.61/32/16/
Plate1NormalizedResistada,F11,,Default,03/12/21,10:43:00 AM,0.5528,ng/ul,0.011,0.004,2.68,1.76,50,260,0.011,-0.008,Measure,DNA-50,,,,,,,,,BG01695000C3404,-0.61/32/16/
Plate1NormalizedResistada,G11,,Default,03/12/21,10:43:00 AM,0.2474,ng/ul,0.005,0.004,1.23,-0.42,50,260,0.005,-0.005,Measure,DNA-50,,,,,,,,,BG01695000C3404,-0.61/32/16/
Plate1NormalizedResistada,H11,,Default,03/12/21,10:43:00 AM,1.167,ng/ul,0.023,0.019,1.21,1.42,50,260,0.023,-0.012,Measure,DNA-50,,,,,,,,,BG01695000C3404,-0.61/36/16/
Plate1NormalizedResistada,A12,,Default,03/12/21,10:44:00 AM,-0.05307,ng/ul,-0.001,0.003,-0.33,0.11,50,260,-0.001,-0.006,Measure,DNA-50,,,,,,,,,BG01695000C3404,-0.61/28/16/
Plate1NormalizedResistada,B12,,Default,03/12/21,10:44:00 AM,1.113,ng/ul,0.022,0.005,4.08,3.56,50,260,0.022,0.02,Measure,DNA-50,,,,,,,,,BG01695000C3404,-0.61/36/16/
Plate1NormalizedResistada,C12,,Default,03/12/21,10:44:00 AM,1.64,ng/ul,0.033,0.017,1.92,-16.47,50,260,0.033,0.009,Measure,DNA-50,,,,,,,,,BG01695000C3404,-0.61/40/16/
Plate1NormalizedResistada,E12,,Default,03/12/21,10:44:00 AM,1.429,ng/ul,0.029,0.021,1.37,1.5,50,260,0.029,-0.026,Measure,DNA-50,,,,,,,,,BG01695000C3404,-0.61/32/16/
Plate1NormalizedResistada,F12,,Default,03/12/21,10:44:00 AM,-0.5852,ng/ul,-0.012,-0.018,0.67,3.45,50,260,-0.012,-0.009,Measure,DNA-50,,,,,,,,,BG01695000C3404,-0.61/32/16/
Plate1NormalizedResistada,G12,,Default,03/12/21,10:44:00 AM,1.09,ng/ul,0.022,0.007,3.33,5.62,50,260,0.022,-0.013,Measure,DNA-50,,,,,,,,,BG01695000C3404,-0.61/32/16/
Plate1NormalizedResistada,H12,,Default,03/12/21,10:44:00 AM,1.923,ng/ul,0.038,0.013,2.9,1.89,50,260,0.038,-0.017,Measure,DNA-50,,,,,,,,,BG01695000C3404,-0.61/36/16/
Plate1NormalizedResistada,A12,,Default,03/12/21,10:46:00 AM,0.3799,ng/ul,0.008,0.013,0.58,0.79,50,260,0.008,-0.032,Measure,DNA-50,,,,,,,,,BG01695000C3404,-0.61/28/16/
Plate1NormalizedResistada,F12,,Default,03/12/21,10:46:00 AM,0.2119,ng/ul,0.004,-0.002,-1.77,-0.94,50,260,0.004,0.056,Measure,DNA-50,,,,,,,,,BG01695000C3404,-0.61/32/16/
,,,,,,,,,,,,,,,,,,,,,,,,,,,
Plate ID,Well ,Sample ID,User ID,Date ,Time ,Conc. ,Units ,A260 ,A280 ,260/280 ,260/230 ,Conc. Factor (ng/ul),Cursor Pos.,Cursor abs.,340 raw,NA Type,,,,,,,,,,,
,A1,,Default,03/12/21,11:26:00 AM,0.8222,ng/ul,0.016,-0.002,-7.34,-0.12,50,260,0.016,0.038,DNA-50,,,,,,,,,,,
,B1,,Default,03/12/21,11:26:00 AM,1.93,ng/ul,0.039,0.017,2.28,-1.05,50,260,0.039,0.01,DNA-50,,,,,,,,,,,
,C1,,Default,03/12/21,11:26:00 AM,1.234,ng/ul,0.025,0.005,4.53,-0.68,50,260,0.025,-0.004,DNA-50,,,,,,,,,,,
,D1,,Default,03/12/21,11:26:00 AM,1.929,ng/ul,0.039,0.02,1.94,-0.74,50,260,0.039,-0.007,DNA-50,,,,,,,,,,,
,E1,,Default,03/12/21,11:26:00 AM,1.528,ng/ul,0.031,0.006,5.29,-0.61,50,260,0.031,0.005,DNA-50,,,,,,,,,,,
,F1,,Default,03/12/21,11:26:00 AM,1.121,ng/ul,0.022,-0.007,-3.2,-0.7,50,260,0.022,0.024,DNA-50,,,,,,,,,,,
,G1,,Default,03/12/21,11:26:00 AM,1.673,ng/ul,0.033,0.001,46.24,-0.91,50,260,0.033,0.017,DNA-50,,,,,,,,,,,
,H1,,Default,03/12/21,11:26:00 AM,1.709,ng/ul,0.034,0.021,1.59,0.83,50,260,0.034,0.003,DNA-50,,,,,,,,,,,
Plate2NormalizationResistada,A1,,Default,03/12/21,11:34:00 AM,1.204,ng/ul,0.024,0.002,10.08,9.82,50,260,0.024,0.01,DNA-50,,,,,,,,,,,
Plate2NormalizationResistada,B1,,Default,03/12/21,11:34:00 AM,2.089,ng/ul,0.042,0.024,1.77,1.16,50,260,0.042,0.004,DNA-50,,,,,,,,,,,
Plate2NormalizationResistada,C1,,Default,03/12/21,11:34:00 AM,2.383,ng/ul,0.048,0.027,1.79,1.5,50,260,0.048,0.001,DNA-50,,,,,,,,,,,
Plate2NormalizationResistada,D1,,Default,03/12/21,11:34:00 AM,2.68,ng/ul,0.054,0.032,1.66,1.31,50,260,0.054,0.008,DNA-50,,,,,,,,,,,
Plate2NormalizationResistada,E1,,Default,03/12/21,11:34:00 AM,2.265,ng/ul,0.045,0.016,2.87,1.33,50,260,0.045,0.016,DNA-50,,,,,,,,,,,
Plate2NormalizationResistada,F1,,Default,03/12/21,11:34:00 AM,2.157,ng/ul,0.043,0.022,1.96,1.63,50,260,0.043,0.017,DNA-50,,,,,,,,,,,
Plate2NormalizationResistada,G1,,Default,03/12/21,11:34:00 AM,2.498,ng/ul,0.05,0.022,2.3,2.52,50,260,0.05,0.034,DNA-50,,,,,,,,,,,
Plate2NormalizationResistada,H1,,Default,03/12/21,11:34:00 AM,1.898,ng/ul,0.038,0.021,1.84,1.85,50,260,0.038,0.03,DNA-50,,,,,,,,,,,
Plate2NormalizationResistada,A2,,Default,03/12/21,11:35:00 AM,1.752,ng/ul,0.035,0.022,1.62,1.92,50,260,0.035,-0.032,DNA-50,,,,,,,,,,,
Plate2NormalizationResistada,B2,,Default,03/12/21,11:35:00 AM,2.277,ng/ul,0.046,0.031,1.46,2.06,50,260,0.046,0.027,DNA-50,,,,,,,,,,,
Plate2NormalizationResistada,C2,,Default,03/12/21,11:35:00 AM,1.554,ng/ul,0.031,0.016,2,3.48,50,260,0.031,0.005,DNA-50,,,,,,,,,,,
Plate2NormalizationResistada,D2,,Default,03/12/21,11:35:00 AM,1.667,ng/ul,0.033,0.029,1.17,1.69,50,260,0.033,-0.002,DNA-50,,,,,,,,,,,
Plate2NormalizationResistada,E2,,Default,03/12/21,11:35:00 AM,1.769,ng/ul,0.035,0.022,1.64,1.57,50,260,0.035,0.017,DNA-50,,,,,,,,,,,
Plate2NormalizationResistada,F2,,Default,03/12/21,11:35:00 AM,1.64,ng/ul,0.033,0.02,1.66,-63.38,50,260,0.033,0.017,DNA-50,,,,,,,,,,,
Plate2NormalizationResistada,G2,,Default,03/12/21,11:35:00 AM,1.615,ng/ul,0.032,0.024,1.36,1.68,50,260,0.032,0.005,DNA-50,,,,,,,,,,,
Plate2NormalizationResistada,H2,,Default,03/12/21,11:35:00 AM,0.1082,ng/ul,0.002,0.001,1.77,0.14,50,260,0.002,-0.013,DNA-50,,,,,,,,,,,
Plate2NormalizationResistada,A3,,Default,03/12/21,11:36:00 AM,2.449,ng/ul,0.049,0.027,1.8,2.06,50,260,0.049,-0.038,DNA-50,,,,,,,,,,,
Plate2NormalizationResistada,B3,,Default,03/12/21,11:36:00 AM,1.519,ng/ul,0.03,0.019,1.63,5.29,50,260,0.03,-0.003,DNA-50,,,,,,,,,,,
Plate2NormalizationResistada,C3,,Default,03/12/21,11:36:00 AM,1.832,ng/ul,0.037,0.01,3.67,2.82,50,260,0.037,0.022,DNA-50,,,,,,,,,,,
Plate2NormalizationResistada,D3,,Default,03/12/21,11:36:00 AM,2.163,ng/ul,0.043,0.034,1.27,1.5,50,260,0.043,0.005,DNA-50,,,,,,,,,,,
Plate2NormalizationResistada,E3,,Default,03/12/21,11:36:00 AM,2.628,ng/ul,0.053,0.024,2.23,1.55,50,260,0.053,-0.005,DNA-50,,,,,,,,,,,
Plate2NormalizationResistada,F3,,Default,03/12/21,11:36:00 AM,1.937,ng/ul,0.039,0.027,1.43,3.31,50,260,0.039,0.006,DNA-50,,,,,,,,,,,
Plate2NormalizationResistada,G3,,Default,03/12/21,11:36:00 AM,2.222,ng/ul,0.044,0.024,1.82,3.84,50,260,0.044,0.011,DNA-50,,,,,,,,,,,
Plate2NormalizationResistada,H3,,Default,03/12/21,11:36:00 AM,0.621,ng/ul,0.012,0.006,2.01,-23.62,50,260,0.012,0.03,DNA-50,,,,,,,,,,,
Plate2NormalizationResistada,A4,,Default,03/12/21,11:38:00 AM,1.379,ng/ul,0.028,0.015,1.86,5.01,50,260,0.028,-0.024,DNA-50,,,,,,,,,,,
Plate2NormalizationResistada,B4,,Default,03/12/21,11:38:00 AM,1.033,ng/ul,0.021,0.007,2.83,6.53,50,260,0.021,0.04,DNA-50,,,,,,,,,,,
Plate2NormalizationResistada,C4,,Default,03/12/21,11:38:00 AM,2.197,ng/ul,0.044,0.015,2.87,3.88,50,260,0.044,0.033,DNA-50,,,,,,,,,,,
Plate2NormalizationResistada,D4,,Default,03/12/21,11:38:00 AM,2.692,ng/ul,0.054,0.038,1.43,1.23,50,260,0.054,-0.003,DNA-50,,,,,,,,,,,
Plate2NormalizationResistada,E4,,Default,03/12/21,11:38:00 AM,1.9,ng/ul,0.038,0.017,2.28,2.09,50,260,0.038,0.002,DNA-50,,,,,,,,,,,
Plate2NormalizationResistada,F4,,Default,03/12/21,11:38:00 AM,0.9637,ng/ul,0.019,0.012,1.56,7.11,50,260,0.019,0.009,DNA-50,,,,,,,,,,,
Plate2NormalizationResistada,G4,,Default,03/12/21,11:38:00 AM,2.305,ng/ul,0.046,0.02,2.3,2.63,50,260,0.046,0.041,DNA-50,,,,,,,,,,,
Plate2NormalizationResistada,H4,,Default,03/12/21,11:38:00 AM,1.456,ng/ul,0.029,0.011,2.73,-595.96,50,260,0.029,0.051,DNA-50,,,,,,,,,,,
Plate2NormalizationResistada,A5,,Default,03/12/21,11:38:00 AM,2.245,ng/ul,0.045,0.019,2.34,3.43,50,260,0.045,0.001,DNA-50,,,,,,,,,,,
Plate2NormalizationResistada,B5,,Default,03/12/21,11:38:00 AM,1.017,ng/ul,0.02,0.011,1.78,6.12,50,260,0.02,0.007,DNA-50,,,,,,,,,,,
Plate2NormalizationResistada,C5,,Default,03/12/21,11:38:00 AM,1.049,ng/ul,0.021,0.003,8.07,14.62,50,260,0.021,0.036,DNA-50,,,,,,,,,,,
Plate2NormalizationResistada,D5,,Default,03/12/21,11:38:00 AM,1.693,ng/ul,0.034,0.016,2.11,2.27,50,260,0.034,0.026,DNA-50,,,,,,,,,,,
Plate2NormalizationResistada,E5,,Default,03/12/21,11:38:00 AM,1.605,ng/ul,0.032,0.014,2.35,2.01,50,260,0.032,0.022,DNA-50,,,,,,,,,,,
Plate2NormalizationResistada,F5,,Default,03/12/21,11:38:00 AM,1.926,ng/ul,0.039,0.02,1.93,9.45,50,260,0.039,0.043,DNA-50,,,,,,,,,,,
Plate2NormalizationResistada,G5,,Default,03/12/21,11:38:00 AM,2.492,ng/ul,0.05,0.021,2.36,2.84,50,260,0.05,0.038,DNA-50,,,,,,,,,,,
Plate2NormalizationResistada,H5,,Default,03/12/21,11:38:00 AM,1.666,ng/ul,0.033,0.018,1.85,1.69,50,260,0.033,0.022,DNA-50,,,,,,,,,,,
Plate2NormalizationResistada,A6,,Default,03/12/21,11:39:00 AM,0.821,ng/ul,0.016,-0.001,-12.99,-2.6,50,260,0.016,-0.011,DNA-50,,,,,,,,,,,
Plate2NormalizationResistada,B6,,Default,03/12/21,11:39:00 AM,1.742,ng/ul,0.035,0.026,1.33,3.59,50,260,0.035,0.022,DNA-50,,,,,,,,,,,
Plate2NormalizationResistada,C6,,Default,03/12/21,11:39:00 AM,1.762,ng/ul,0.035,0.015,2.33,2.6,50,260,0.035,0.006,DNA-50,,,,,,,,,,,
Plate2NormalizationResistada,D6,,Default,03/12/21,11:39:00 AM,1.775,ng/ul,0.035,0.023,1.54,1.66,50,260,0.035,0.007,DNA-50,,,,,,,,,,,
Plate2NormalizationResistada,E6,,Default,03/12/21,11:39:00 AM,1.775,ng/ul,0.035,0.014,2.62,3.09,50,260,0.035,0.021,DNA-50,,,,,,,,,,,
Plate2NormalizationResistada,F6,,Default,03/12/21,11:39:00 AM,1.775,ng/ul,0.035,0.028,1.26,2.06,50,260,0.035,-0.002,DNA-50,,,,,,,,,,,
Plate2NormalizationResistada,G6,,Default,03/12/21,11:39:00 AM,1.651,ng/ul,0.033,0.023,1.44,2.29,50,260,0.033,-0.002,DNA-50,,,,,,,,,,,
Plate2NormalizationResistada,H6,,Default,03/12/21,11:39:00 AM,2.737,ng/ul,0.055,0.029,1.9,3,50,260,0.055,0.005,DNA-50,,,,,,,,,,,
Plate2NormalizationResistada,A7,,Default,03/12/21,11:40:00 AM,0.8016,ng/ul,0.016,0.004,3.65,-1.78,50,260,0.016,-0.016,DNA-50,,,,,,,,,,,
Plate2NormalizationResistada,B7,,Default,03/12/21,11:40:00 AM,1.986,ng/ul,0.04,0.021,1.87,2.43,50,260,0.04,0.008,DNA-50,,,,,,,,,,,
Plate2NormalizationResistada,C7,,Default,03/12/21,11:40:00 AM,1.94,ng/ul,0.039,0.018,2.18,5.24,50,260,0.039,0.009,DNA-50,,,,,,,,,,,
Plate2NormalizationResistada,D7,,Default,03/12/21,11:40:00 AM,1.212,ng/ul,0.024,0.017,1.43,2.19,50,260,0.024,0.013,DNA-50,,,,,,,,,,,
Plate2NormalizationResistada,E7,,Default,03/12/21,11:40:00 AM,1.313,ng/ul,0.026,0.002,14.64,2.23,50,260,0.026,0.012,DNA-50,,,,,,,,,,,
Plate2NormalizationResistada,F7,,Default,03/12/21,11:40:00 AM,1.818,ng/ul,0.036,0.025,1.45,5.54,50,260,0.036,-0.003,DNA-50,,,,,,,,,,,
Plate2NormalizationResistada,G7,,Default,03/12/21,11:40:00 AM,1.944,ng/ul,0.039,0.027,1.43,2.56,50,260,0.039,-0.012,DNA-50,,,,,,,,,,,
Plate2NormalizationResistada,H7,,Default,03/12/21,11:40:00 AM,1.431,ng/ul,0.029,0.023,1.25,2.33,50,260,0.029,-0.008,DNA-50,,,,,,,,,,,
Plate2NormalizationResistada,A8,,Default,03/12/21,11:41:00 AM,0.8536,ng/ul,0.017,-0.003,-4.88,-1.6,50,260,0.017,0.002,DNA-50,,,,,,,,,,,
Plate2NormalizationResistada,B8,,Default,03/12/21,11:41:00 AM,2.023,ng/ul,0.04,0.023,1.79,2.31,50,260,0.04,-0.003,DNA-50,,,,,,,,,,,
Plate2NormalizationResistada,C8,,Default,03/12/21,11:41:00 AM,1.231,ng/ul,0.025,0.01,2.53,5.05,50,260,0.025,0.005,DNA-50,,,,,,,,,,,
Plate2NormalizationResistada,D8,,Default,03/12/21,11:41:00 AM,2.225,ng/ul,0.045,0.03,1.5,1.37,50,260,0.045,-0.012,DNA-50,,,,,,,,,,,
Plate2NormalizationResistada,E8,,Default,03/12/21,11:41:00 AM,1.639,ng/ul,0.033,0.022,1.5,1.37,50,260,0.033,-0.008,DNA-50,,,,,,,,,,,
Plate2NormalizationResistada,F8,,Default,03/12/21,11:41:00 AM,1.614,ng/ul,0.032,0.025,1.31,3.35,50,260,0.032,-0.013,DNA-50,,,,,,,,,,,
Plate2NormalizationResistada,G8,,Default,03/12/21,11:41:00 AM,1.244,ng/ul,0.025,0.014,1.82,10.74,50,260,0.025,0.012,DNA-50,,,,,,,,,,,
Plate2NormalizationResistada,H8,,Default,03/12/21,11:41:00 AM,2.163,ng/ul,0.043,0.018,2.36,1.9,50,260,0.043,0.013,DNA-50,,,,,,,,,,,
Plate2NormalizationResistada,A9,,Default,03/12/21,11:42:00 AM,0.7135,ng/ul,0.014,0.001,12.8,-2.47,50,260,0.014,0.002,DNA-50,,,,,,,,,,,
Plate2NormalizationResistada,B9,,Default,03/12/21,11:42:00 AM,2.055,ng/ul,0.041,0.027,1.52,3.31,50,260,0.041,0,DNA-50,,,,,,,,,,,
Plate2NormalizationResistada,C9,,Default,03/12/21,11:42:00 AM,1.018,ng/ul,0.02,0.006,3.34,4.29,50,260,0.02,0.013,DNA-50,,,,,,,,,,,
Plate2NormalizationResistada,D9,,Default,03/12/21,11:42:00 AM,1.825,ng/ul,0.036,0.025,1.46,1.53,50,260,0.036,0.003,DNA-50,,,,,,,,,,,
Plate2NormalizationResistada,E9,,Default,03/12/21,11:42:00 AM,1.454,ng/ul,0.029,0.017,1.75,1.75,50,260,0.029,-0.004,DNA-50,,,,,,,,,,,
Plate2NormalizationResistada,F9,,Default,03/12/21,11:42:00 AM,2.632,ng/ul,0.053,0.034,1.54,1.76,50,260,0.053,-0.015,DNA-50,,,,,,,,,,,
Plate2NormalizationResistada,G9,,Default,03/12/21,11:42:00 AM,1.491,ng/ul,0.03,0.01,2.88,3.31,50,260,0.03,0.001,DNA-50,,,,,,,,,,,
Plate2NormalizationResistada,H9,,Default,03/12/21,11:42:00 AM,2.214,ng/ul,0.044,0.019,2.38,3.49,50,260,0.044,0.007,DNA-50,,,,,,,,,,,
Plate2NormalizationResistada,A10,,Default,03/12/21,11:43:00 AM,0.491,ng/ul,0.01,-0.001,-8.72,6.88,50,260,0.01,-0.035,DNA-50,,,,,,,,,,,
Plate2NormalizationResistada,B10,,Default,03/12/21,11:43:00 AM,1.592,ng/ul,0.032,0.017,1.82,1.72,50,260,0.032,-0.008,DNA-50,,,,,,,,,,,
Plate2NormalizationResistada,C10,,Default,03/12/21,11:43:00 AM,1.887,ng/ul,0.038,0.02,1.93,2.02,50,260,0.038,-0.003,DNA-50,,,,,,,,,,,
Plate2NormalizationResistada,D10,,Default,03/12/21,11:43:00 AM,2.031,ng/ul,0.041,0.026,1.58,1.54,50,260,0.041,-0.018,DNA-50,,,,,,,,,,,
Plate2NormalizationResistada,E10,,Default,03/12/21,11:43:00 AM,1.234,ng/ul,0.025,0.007,3.64,2.43,50,260,0.025,-0.004,DNA-50,,,,,,,,,,,
Plate2NormalizationResistada,F10,,Default,03/12/21,11:43:00 AM,0.8978,ng/ul,0.018,0.009,1.98,5.59,50,260,0.018,0.007,DNA-50,,,,,,,,,,,
Plate2NormalizationResistada,G10,,Default,03/12/21,11:43:00 AM,1.546,ng/ul,0.031,0.017,1.84,-18.02,50,260,0.031,-0.007,DNA-50,,,,,,,,,,,
Plate2NormalizationResistada,H10,,Default,03/12/21,11:43:00 AM,1.943,ng/ul,0.039,0.016,2.39,1.91,50,260,0.039,0.018,DNA-50,,,,,,,,,,,
Plate2NormalizationResistada,A11,,Default,03/12/21,11:44:00 AM,1.091,ng/ul,0.022,0.013,1.66,8.71,50,260,0.022,-0.022,DNA-50,,,,,,,,,,,
Plate2NormalizationResistada,B11,,Default,03/12/21,11:44:00 AM,4.629,ng/ul,0.093,0.047,1.97,2.02,50,260,0.093,-0.013,DNA-50,,,,,,,,,,,
Plate2NormalizationResistada,C11,,Default,03/12/21,11:44:00 AM,1.768,ng/ul,0.035,0.019,1.86,1.55,50,260,0.035,0.025,DNA-50,,,,,,,,,,,
Plate2NormalizationResistada,D11,,Default,03/12/21,11:44:00 AM,1.612,ng/ul,0.032,0.021,1.51,1.06,50,260,0.032,-0.007,DNA-50,,,,,,,,,,,
Plate2NormalizationResistada,E11,,Default,03/12/21,11:44:00 AM,0.9206,ng/ul,0.018,0.009,2.16,2.89,50,260,0.018,0.001,DNA-50,,,,,,,,,,,
Plate2NormalizationResistada,F11,,Default,03/12/21,11:44:00 AM,3.737,ng/ul,0.075,0.042,1.77,2.03,50,260,0.075,0.001,DNA-50,,,,,,,,,,,
Plate2NormalizationResistada,G11,,Default,03/12/21,11:44:00 AM,2.169,ng/ul,0.043,0.02,2.13,3.88,50,260,0.043,0.001,DNA-50,,,,,,,,,,,
Plate2NormalizationResistada,H11,,Default,03/12/21,11:44:00 AM,-0.593,ng/ul,-0.012,-0.013,0.91,0.75,50,260,-0.012,0.017,DNA-50,,,,,,,,,,,
Plate2NormalizationResistada,A12,,Default,03/12/21,11:45:00 AM,-0.3374,ng/ul,-0.007,-0.015,0.46,0.47,50,260,-0.007,-0.019,DNA-50,,,,,,,,,,,
Plate2NormalizationResistada,B12,,Default,03/12/21,11:45:00 AM,3.268,ng/ul,0.065,0.026,2.47,5.11,50,260,0.065,0.004,DNA-50,,,,,,,,,,,
Plate2NormalizationResistada,C12,,Default,03/12/21,11:45:00 AM,1.17,ng/ul,0.023,0.012,1.99,1.3,50,260,0.023,-0.014,DNA-50,,,,,,,,,,,
Plate2NormalizationResistada,D12,,Default,03/12/21,11:45:00 AM,1.392,ng/ul,0.028,0.019,1.45,1.66,50,260,0.028,0.017,DNA-50,,,,,,,,,,,
Plate2NormalizationResistada,E12,,Default,03/12/21,11:45:00 AM,1.1,ng/ul,0.022,0.007,3.17,1.72,50,260,0.022,0,DNA-50,,,,,,,,,,,
Plate2NormalizationResistada,F12,,Default,03/12/21,11:45:00 AM,2.274,ng/ul,0.045,0.016,2.76,3.14,50,260,0.045,-0.002,DNA-50,,,,,,,,,,,
Plate2NormalizationResistada,G12,,Default,03/12/21,11:45:00 AM,16.83,ng/ul,0.337,0.18,1.87,1.84,50,260,0.337,0.007,DNA-50,,,,,,,,,,,
Plate2NormalizationResistada,H12,,Default,03/12/21,11:45:00 AM,3.73,ng/ul,0.075,0.038,1.98,1.08,50,260,0.075,0.015,DNA-50,,,,,,,,,,,
,,,,,,,,,,,,,,,,,,,,,,,,,,,
Plate ID,Well ,Sample ID,User ID,Date ,Time ,Conc. ,Units ,A260 ,A280 ,260/280 ,260/230 ,Conc. Factor (ng/ul),Cursor Pos.,Cursor abs.,340 raw,NA Type,,,,,,,,,,,
plate3cleanA1-A11,A1,,Default,03/12/21,05:31:00 PM,26.99,ng/ul,0.54,0.269,2.01,2.02,50,260,0.54,0.018,DNA-50,,,,,,,,,,,
plate3cleanA1-A11,B1,,Default,03/12/21,05:31:00 PM,19.46,ng/ul,0.389,0.198,1.96,1.93,50,260,0.389,-0.003,DNA-50,,,,,,,,,,,
plate3cleanA1-A11,C1,,Default,03/12/21,05:31:00 PM,9.885,ng/ul,0.198,0.098,2.02,1.92,50,260,0.198,0.022,DNA-50,,,,,,,,,,,
plate3cleanA1-A11,D1,,Default,03/12/21,05:31:00 PM,9.851,ng/ul,0.197,0.108,1.82,1.76,50,260,0.197,0.019,DNA-50,,,,,,,,,,,
plate3cleanA1-A11,E1,,Default,03/12/21,05:31:00 PM,11.8,ng/ul,0.236,0.119,1.98,1.82,50,260,0.236,-0.026,DNA-50,,,,,,,,,,,
plate3cleanA1-A11,F1,,Default,03/12/21,05:31:00 PM,6.306,ng/ul,0.126,0.053,2.39,1.69,50,260,0.126,0.031,DNA-50,,,,,,,,,,,
plate3cleanA1-A11,G1,,Default,03/12/21,05:31:00 PM,16.19,ng/ul,0.324,0.167,1.94,1.99,50,260,0.324,0.029,DNA-50,,,,,,,,,,,
plate3cleanA1-A11,H1,,Default,03/12/21,05:31:00 PM,3.572,ng/ul,0.071,0.036,1.97,2.05,50,260,0.071,0.022,DNA-50,,,,,,,,,,,
plate3cleanA1-A11,A11,,Default,03/12/21,05:36:00 PM,8.786,ng/ul,0.176,0.091,1.93,1.8,50,260,0.176,0.047,DNA-50,,,,,,,,,,,
plate3cleanA1-A11,B11,,Default,03/12/21,05:36:00 PM,2.98,ng/ul,0.06,0.024,2.49,1.83,50,260,0.06,0.247,DNA-50,,,,,,,,,,,
plate3cleanA1-A11,C11,,Default,03/12/21,05:36:00 PM,8.348,ng/ul,0.167,0.086,1.93,1.76,50,260,0.167,0.076,DNA-50,,,,,,,,,,,
plate3cleanA1-A11,D11,,Default,03/12/21,05:36:00 PM,16.27,ng/ul,0.325,0.166,1.96,1.86,50,260,0.325,0.644,DNA-50,,,,,,,,,,,
plate3cleanA1-A11,E11,,Default,03/12/21,05:36:00 PM,20.01,ng/ul,0.4,0.213,1.88,1.91,50,260,0.4,0.078,DNA-50,,,,,,,,,,,
plate3cleanA1-A11,F11,,Default,03/12/21,05:36:00 PM,20.72,ng/ul,0.414,0.214,1.94,2.07,50,260,0.414,0.049,DNA-50,,,,,,,,,,,
plate3cleanA1-A11,G11,,Default,03/12/21,05:36:00 PM,4.701,ng/ul,0.094,0.044,2.11,1.82,50,260,0.094,0.038,DNA-50,,,,,,,,,,,
plate3cleanA1-A11,H11,,Default,03/12/21,05:36:00 PM,5.044,ng/ul,0.101,0.056,1.81,1.41,50,260,0.101,0.106,DNA-50,,,,,,,,,,,
